city,property_type,area_marla,bedrooms,bathrooms,age_years,distance_from_city_center_km,has_parking,has_gas,is_furnished,price_lakh_pkr
Karachi,House,17.8,7,6,1,0.6,1,1,1,432.5
Bannu,House,15.2,5,4,6,1.0,1,1,1,157.6
Peshawar,House,18.8,8,5,3,4.3,1,0,0,353.9
Rawalpindi,Upper Portion,13.4,3,3,4,15.3,0,1,0,110.7
Lahore,Flat,10.6,4,4,32,11.8,0,1,0,98.0
Lahore,Flat,12.8,5,5,1,20.8,1,1,0,146.0
Islamabad,Flat,8.3,3,3,6,6.3,0,1,0,153.1
Multan,House,7.3,2,2,1,6.8,1,0,0,87.1
Rawalpindi,House,9.6,3,3,3,5.9,1,1,0,138.2
Peshawar,House,20.9,7,6,6,5.9,1,1,0,294.4
Islamabad,Flat,10.0,4,4,23,1.0,1,0,0,161.3
Bannu,Upper Portion,6.4,2,2,4,4.7,1,1,1,39.0
Faisalabad,Flat,11.5,4,2,1,2.9,0,0,0,86.7
Lahore,House,9.9,2,1,4,3.5,1,1,0,158.7
Lahore,Flat,18.2,6,5,1,4.4,1,1,0,320.5
Lahore,House,20.3,6,5,2,0.8,0,0,0,346.6
Lahore,House,10.4,3,2,8,2.7,0,1,0,185.8
Rawalpindi,House,13.4,5,3,1,0.4,0,1,0,279.5
Karachi,House,13.8,4,3,5,23.4,0,1,0,163.4
Lahore,Upper Portion,11.9,6,5,8,0.8,0,1,0,159.9
Rawalpindi,Flat,11.2,4,4,4,1.8,1,1,0,140.4
Islamabad,House,8.6,3,3,0,13.3,1,1,0,208.8
Lahore,House,6.1,2,2,34,4.0,1,1,0,65.8
Karachi,House,8.6,2,2,4,0.9,1,1,0,212.9
Karachi,House,11.8,4,2,12,2.9,1,1,0,214.7
Faisalabad,House,7.1,3,2,3,0.7,1,1,1,102.7
Lahore,Flat,13.1,4,3,5,1.3,1,1,0,214.2
Rawalpindi,House,12.5,3,2,4,0.3,1,1,0,206.4
Rawalpindi,Upper Portion,9.9,2,2,3,3.5,1,1,0,84.0
Islamabad,House,11.0,3,3,0,9.9,1,1,1,261.6
Rawalpindi,House,7.5,2,2,4,5.3,1,1,1,112.8
Lahore,House,16.4,6,5,18,5.6,0,1,1,282.6
Islamabad,Flat,16.3,4,2,9,1.3,1,1,0,321.0
Bannu,House,7.9,2,1,1,2.5,1,1,1,73.5
Bannu,House,8.0,3,2,7,11.2,0,1,0,57.8
Faisalabad,Lower Portion,8.6,1,1,18,0.6,1,1,0,41.4
Lahore,House,14.9,4,3,10,11.7,1,0,0,235.7
Islamabad,Lower Portion,13.8,4,3,1,4.0,1,1,0,179.6
Peshawar,House,17.7,5,4,16,10.9,1,1,0,195.4
Karachi,Flat,18.5,6,5,3,2.3,1,1,0,386.1
Islamabad,House,6.9,2,2,5,2.5,1,1,1,156.8
Karachi,House,14.7,4,3,6,8.4,1,1,1,281.7
Islamabad,House,18.2,6,5,15,9.2,1,1,0,415.5
Multan,House,10.7,5,4,21,1.6,1,1,0,109.5
Lahore,Flat,12.1,5,4,21,21.6,1,1,1,98.1
Peshawar,Upper Portion,11.4,2,2,0,0.5,1,1,1,71.5
Lahore,House,11.6,4,3,20,0.4,1,0,0,202.4
Rawalpindi,House,16.4,5,4,0,5.4,1,1,0,272.1
Rawalpindi,House,22.5,7,6,2,7.7,1,1,0,460.5
Lahore,Flat,19.9,6,5,6,19.4,0,1,0,219.5
Bannu,House,10.1,3,2,5,3.1,1,1,0,85.0
Faisalabad,House,13.4,4,3,7,0.2,1,0,0,158.2
Bannu,Flat,9.1,2,2,5,5.5,1,1,0,63.5
Multan,House,9.4,2,2,22,2.1,1,1,0,88.8
Rawalpindi,House,11.9,3,2,2,3.4,1,1,1,240.5
Multan,House,9.3,3,3,3,4.0,1,1,0,107.1
Islamabad,Flat,9.8,3,2,20,0.4,1,1,0,150.4
Lahore,House,13.3,5,4,1,4.0,1,1,1,323.3
Islamabad,Upper Portion,14.6,4,2,8,3.3,0,1,0,215.2
Lahore,House,14.5,5,4,9,7.5,0,0,0,257.0
Karachi,House,14.5,5,3,6,6.2,1,1,0,258.5
Lahore,Flat,7.7,3,2,9,1.2,1,1,1,87.9
Faisalabad,House,9.1,3,2,2,1.4,1,1,1,144.9
Karachi,House,12.3,4,3,15,1.7,1,1,0,255.7
Lahore,House,17.9,6,5,1,1.2,0,0,1,469.9
Rawalpindi,House,27.4,8,6,4,6.4,1,1,0,645.9
Islamabad,Flat,13.6,4,4,1,31.1,1,1,1,123.1
Faisalabad,House,15.8,5,4,6,6.3,0,1,1,190.1
Islamabad,Flat,7.4,3,2,9,5.6,0,0,0,100.4
Bannu,Flat,15.6,5,4,23,3.2,1,1,1,97.5
Faisalabad,Flat,24.3,8,7,11,2.2,1,1,0,246.9
Lahore,Flat,9.1,2,1,6,14.5,0,1,0,81.6
Islamabad,Flat,9.9,4,3,22,20.8,1,1,1,89.4
Faisalabad,House,16.6,5,4,5,4.1,1,1,0,247.0
Peshawar,House,12.3,4,3,7,2.1,1,0,0,142.6
Peshawar,House,6.0,2,1,7,8.8,1,1,0,57.9
Faisalabad,Flat,10.1,3,2,4,0.9,1,1,1,106.4
Islamabad,Flat,20.3,6,4,15,8.7,0,0,1,281.1
Karachi,House,11.0,4,3,2,10.3,0,0,0,164.5
Islamabad,Upper Portion,11.0,3,3,6,0.8,1,1,0,124.3
Multan,Flat,16.2,6,5,10,22.6,1,1,1,110.2
Rawalpindi,House,13.8,5,4,19,25.4,1,1,0,140.2
Karachi,House,10.8,3,3,17,16.6,1,1,1,158.8
Islamabad,House,9.7,3,3,6,4.1,1,1,1,238.7
Lahore,Flat,32.8,8,6,8,1.7,0,0,0,457.4
Lahore,House,19.0,6,4,4,5.2,1,1,0,342.6
Peshawar,House,14.5,6,4,5,3.3,0,1,0,254.4
Rawalpindi,Lower Portion,14.9,4,4,19,1.4,1,1,0,137.9
Multan,Flat,11.6,4,3,21,3.3,0,1,0,84.5
Karachi,House,13.7,5,4,18,6.5,0,0,1,228.7
Islamabad,House,11.2,3,2,1,0.4,0,1,1,265.8
Peshawar,House,8.9,2,1,15,2.4,1,1,0,91.3
Faisalabad,Lower Portion,13.9,3,3,24,0.2,0,1,1,85.4
Rawalpindi,Lower Portion,10.8,3,2,4,8.3,1,1,0,92.0
Faisalabad,Flat,14.2,2,2,6,6.1,1,1,0,120.5
Karachi,House,15.2,5,4,12,0.4,1,1,0,331.6
Rawalpindi,House,14.5,6,5,7,20.1,1,1,1,229.4
Karachi,House,8.6,3,2,40,0.2,1,1,0,106.8
Islamabad,House,10.4,2,2,5,5.3,1,1,0,214.9
Islamabad,House,10.9,3,2,10,9.0,1,1,0,186.3
Islamabad,Flat,17.3,5,4,13,9.3,1,1,0,259.4
Rawalpindi,House,16.9,5,5,5,0.2,1,1,0,283.9
Lahore,House,9.3,4,3,16,14.2,1,1,0,135.2
Karachi,Flat,7.6,3,2,6,15.0,1,0,1,98.5
Multan,House,28.0,8,6,4,4.9,1,1,0,283.9
Lahore,Upper Portion,14.3,5,4,1,3.9,1,1,0,189.4
Karachi,House,7.3,3,3,4,0.3,1,0,0,137.2
Peshawar,House,9.9,4,3,11,5.0,0,0,1,122.0
Lahore,House,17.6,8,7,20,3.2,0,1,0,379.1
Islamabad,Lower Portion,25.1,7,6,2,8.9,1,1,1,368.3
Lahore,Flat,23.4,8,7,4,3.1,1,1,1,522.3
Lahore,House,14.0,4,2,1,6.9,0,1,1,299.5
Multan,House,12.2,3,3,9,0.6,1,0,1,136.7
Faisalabad,Flat,8.3,3,3,26,0.9,1,1,0,67.4
Rawalpindi,House,12.6,4,3,8,0.9,1,1,0,193.6
Multan,Lower Portion,8.7,3,2,8,0.3,1,1,0,62.5
Faisalabad,Lower Portion,10.5,2,1,6,4.7,1,1,1,63.1
Lahore,Flat,16.6,5,4,1,9.5,1,1,1,245.5
Multan,Lower Portion,11.2,4,3,10,5.7,1,1,1,66.1
Rawalpindi,House,10.9,3,3,7,5.1,1,1,0,145.8
Faisalabad,House,11.9,4,4,9,6.8,1,1,0,149.4
Multan,House,29.7,8,7,18,2.5,1,1,0,300.2
Lahore,House,8.0,3,2,12,2.7,1,1,0,165.4
Islamabad,Lower Portion,13.5,3,2,12,2.3,1,1,0,134.4
Lahore,House,22.5,7,6,21,7.5,1,0,0,438.1
Karachi,Upper Portion,11.9,4,4,37,1.1,1,1,1,105.0
Faisalabad,Flat,18.8,6,5,7,0.2,1,1,0,209.1
Multan,House,7.4,3,3,1,5.4,1,1,0,79.1
Islamabad,House,11.3,3,2,5,17.1,1,1,0,202.8
Rawalpindi,House,9.0,2,2,12,5.6,1,1,0,122.4
Karachi,House,11.9,2,1,0,9.2,1,1,1,194.4
Lahore,House,12.0,3,3,0,6.7,1,1,0,211.8
Islamabad,House,12.4,5,3,1,4.1,1,1,0,291.9
Karachi,Flat,16.5,5,4,11,7.6,1,1,0,226.4
Bannu,Flat,5.3,1,1,6,10.4,0,1,1,30.1
Lahore,House,9.7,3,2,4,1.5,1,1,0,194.8
Rawalpindi,House,13.1,3,2,1,2.5,1,1,0,200.2
Peshawar,Upper Portion,6.1,1,1,11,1.5,1,0,0,35.5
Karachi,House,15.2,5,3,3,3.6,1,1,0,331.5
Bannu,House,9.6,2,2,2,13.0,0,1,1,65.6
Bannu,Flat,11.4,4,3,8,2.5,1,1,0,63.8
Lahore,Lower Portion,16.8,5,3,7,2.8,1,1,0,173.8
Karachi,Upper Portion,19.2,6,4,4,11.8,1,1,0,266.4
Lahore,House,15.4,5,4,8,4.3,1,0,1,334.3
Lahore,House,7.9,3,2,3,4.6,1,1,0,150.1
Islamabad,House,15.1,5,4,13,11.8,1,1,1,310.2
Rawalpindi,Lower Portion,15.5,5,4,2,4.0,1,1,0,155.9
Karachi,House,14.4,5,4,1,6.9,0,1,1,328.6
Islamabad,House,20.4,6,4,12,0.5,1,0,1,546.0
Lahore,Upper Portion,12.5,4,3,10,1.2,1,1,0,156.9
Multan,Lower Portion,20.1,6,4,2,3.1,0,1,0,114.6
Lahore,Flat,20.0,6,5,1,4.1,0,1,0,337.8
Islamabad,House,15.7,5,4,15,20.2,0,1,1,206.9
Karachi,House,13.6,4,3,12,21.2,1,1,0,210.5
Bannu,Upper Portion,14.4,4,3,3,11.4,1,1,0,74.2
Lahore,Flat,22.1,7,5,9,2.3,1,1,0,353.9
Peshawar,House,17.9,7,6,1,20.0,1,1,0,215.6
Faisalabad,House,8.3,3,2,6,7.0,1,1,0,67.4
Lahore,Upper Portion,14.1,4,4,0,3.0,0,1,1,215.0
Peshawar,House,8.9,4,3,4,7.3,1,0,1,124.5
Karachi,Flat,9.5,3,2,1,0.2,1,1,0,184.6
Rawalpindi,House,10.6,4,3,5,0.9,1,0,0,212.1
Rawalpindi,House,7.2,2,1,4,10.6,1,1,0,81.6
Rawalpindi,Lower Portion,8.7,3,2,5,6.2,1,1,1,84.8
Islamabad,House,20.8,7,5,0,2.7,0,1,0,683.9
Faisalabad,Flat,9.5,2,1,4,4.2,1,0,0,62.2
Lahore,House,16.6,6,5,11,14.1,1,1,0,288.1
Lahore,House,13.0,5,5,4,6.0,0,1,1,272.7
Islamabad,Flat,14.9,5,3,10,3.0,1,0,0,272.9
Rawalpindi,Upper Portion,15.1,6,5,4,0.8,1,1,0,129.3
Peshawar,Flat,8.5,3,3,4,2.1,0,1,0,97.2
Islamabad,House,16.5,6,4,7,23.0,1,0,0,273.5
Rawalpindi,House,7.7,1,1,24,3.5,1,1,0,92.2
Lahore,Upper Portion,9.4,5,4,1,3.8,1,1,0,127.3
Peshawar,House,15.0,6,4,0,4.1,1,1,0,241.7
Lahore,Upper Portion,8.3,2,2,7,12.9,1,1,1,58.5
Peshawar,House,5.9,1,1,24,5.6,1,1,0,46.0
Karachi,Lower Portion,13.8,5,3,37,7.1,0,0,0,97.8
Bannu,Upper Portion,6.8,1,1,5,3.0,1,1,0,31.6
Islamabad,House,15.6,5,4,5,0.2,1,1,0,327.9
Karachi,Flat,10.9,4,4,8,16.0,1,1,0,143.0
Islamabad,House,13.8,4,4,6,17.9,1,1,1,241.7
Multan,House,13.7,5,4,8,17.9,1,0,0,109.5
Multan,House,16.0,6,5,17,17.3,1,0,1,117.6
Lahore,Flat,15.2,5,4,11,10.1,1,1,1,233.3
Peshawar,House,8.3,3,4,5,6.9,0,0,0,107.4
Faisalabad,Flat,11.1,2,1,5,11.2,1,1,1,106.3
Rawalpindi,House,13.7,5,5,8,5.5,1,1,0,192.6
Rawalpindi,House,20.2,6,5,5,0.9,1,1,0,435.6
Lahore,Flat,15.3,4,3,5,3.0,1,1,1,276.0
Islamabad,House,19.5,7,5,0,21.3,1,1,0,377.3
Multan,Flat,14.0,6,5,2,2.6,1,0,0,126.0
Multan,Flat,18.0,6,4,5,12.1,0,1,0,124.0
Rawalpindi,Upper Portion,13.3,6,5,14,0.6,0,1,0,124.9
Karachi,House,17.7,6,5,3,2.4,0,1,0,445.2
Karachi,House,10.7,3,2,6,2.6,1,1,1,271.9
Peshawar,Flat,21.1,6,3,3,0.3,0,1,0,258.6
Multan,Flat,14.6,6,4,1,0.8,1,1,1,131.8
Multan,House,7.2,2,1,25,1.3,1,0,0,50.2
Faisalabad,Flat,13.9,5,4,15,10.9,1,1,0,122.5
Peshawar,House,15.3,4,3,1,0.4,1,1,0,202.5
Islamabad,House,16.7,5,4,10,2.1,0,1,0,375.5
Lahore,Flat,24.0,8,7,3,0.2,1,1,0,399.3
Multan,House,10.1,3,2,42,7.1,1,1,1,66.5
Rawalpindi,House,24.1,7,6,3,5.8,1,1,0,368.3
Islamabad,House,12.2,5,4,2,6.2,0,1,0,230.4
Islamabad,House,9.2,4,3,7,2.8,1,1,0,238.6
Peshawar,Flat,10.2,4,3,14,1.4,1,1,0,113.2
Islamabad,House,14.9,4,4,2,7.6,1,1,0,335.2
Lahore,Lower Portion,8.8,2,2,10,10.0,1,1,0,74.9
Rawalpindi,Flat,10.7,3,2,1,0.9,0,1,1,155.2
Peshawar,House,13.8,5,4,20,4.0,1,1,1,169.7
Peshawar,House,21.1,6,5,1,1.7,1,1,0,323.1
Lahore,House,16.6,6,5,20,1.1,1,1,0,302.7
Peshawar,Flat,12.4,4,4,5,8.0,1,1,0,94.9
Lahore,House,14.9,3,3,5,4.6,0,1,1,300.0
Lahore,House,13.3,4,2,29,1.5,1,1,1,198.6
Peshawar,House,7.9,2,2,37,2.2,1,1,1,57.0
Peshawar,Flat,22.5,7,5,8,20.4,1,1,0,160.1
Faisalabad,Flat,21.2,8,7,1,11.3,1,1,0,204.9
Peshawar,Flat,11.8,4,4,6,12.7,1,1,0,108.3
Rawalpindi,Upper Portion,10.3,3,2,6,3.7,0,1,1,107.1
Islamabad,House,8.0,3,3,6,5.9,0,1,1,166.5
Karachi,Flat,15.3,5,4,7,2.8,1,0,0,242.4
Lahore,House,15.3,5,4,0,0.5,1,0,1,342.6
Lahore,House,9.0,3,3,10,3.1,1,0,1,191.8
Bannu,Flat,13.4,5,4,10,5.4,1,1,0,85.4
Karachi,House,16.4,5,4,1,2.0,1,1,1,454.9
Multan,House,10.0,4,3,7,11.3,1,1,0,104.2
Rawalpindi,Upper Portion,11.3,4,3,7,1.0,1,0,0,108.0
Faisalabad,House,11.3,3,2,9,2.7,1,1,0,108.9
Karachi,House,9.2,4,3,1,0.8,1,0,0,189.0
Rawalpindi,Lower Portion,11.4,4,3,8,3.1,1,1,1,122.7
Karachi,House,6.8,2,2,3,0.2,0,1,0,126.6
Lahore,Flat,11.1,5,4,6,1.9,1,0,0,169.2
Peshawar,Upper Portion,11.1,5,4,12,3.1,1,1,0,73.7
Lahore,House,11.9,4,3,10,3.9,1,1,0,193.4
Islamabad,House,14.5,4,3,1,4.7,1,1,0,317.3
Peshawar,Flat,7.8,2,2,7,1.9,0,1,0,79.7
Lahore,Flat,8.2,3,3,28,4.4,1,1,0,91.2
Bannu,House,9.1,4,4,1,4.3,0,1,1,80.5
Bannu,House,7.5,3,2,15,2.3,1,1,1,65.8
Multan,House,15.1,5,4,10,10.6,0,1,0,145.7
Karachi,Upper Portion,9.9,4,3,12,4.7,1,1,1,143.3
Islamabad,House,12.0,4,3,3,2.4,1,1,1,392.6
Multan,Lower Portion,8.9,4,3,3,17.7,0,0,0,47.3
Karachi,Lower Portion,10.6,3,3,19,11.2,1,1,0,90.0
Bannu,Flat,13.6,5,4,4,24.3,1,0,1,72.0
Bannu,Flat,13.8,4,3,1,7.1,1,1,0,90.2
Multan,House,8.4,3,2,7,2.9,1,0,0,68.7
Lahore,House,11.8,3,3,1,2.0,1,0,1,237.9
Karachi,Flat,8.9,4,3,13,6.5,1,0,0,107.6
Multan,House,11.7,3,2,8,23.7,1,0,1,79.4
Lahore,House,9.6,2,1,17,5.9,0,1,0,162.9
Lahore,Flat,23.1,8,6,12,12.8,1,1,0,384.8
Rawalpindi,House,16.3,6,5,1,2.4,1,0,0,337.8
Bannu,Flat,14.1,3,3,4,3.1,1,1,0,100.1
Peshawar,House,11.0,3,2,12,14.2,1,1,1,84.2
Rawalpindi,House,16.5,4,4,4,8.5,1,0,0,280.6
Islamabad,House,11.9,3,3,29,23.9,1,1,1,148.8
Rawalpindi,Lower Portion,22.1,5,4,11,8.9,0,1,0,127.6
Bannu,Upper Portion,17.1,5,5,0,3.6,1,1,0,113.9
Islamabad,House,10.6,3,3,17,4.5,0,1,1,166.8
Rawalpindi,House,21.1,7,5,1,13.8,0,1,0,263.9
Multan,Lower Portion,11.0,2,2,1,4.8,1,1,1,81.0
Peshawar,House,23.7,7,6,11,1.8,1,1,0,310.6
Peshawar,House,21.6,6,4,16,3.4,1,1,1,260.2
Peshawar,House,13.6,5,4,6,4.4,1,1,0,207.2
Karachi,Flat,6.9,3,2,3,0.6,1,1,1,116.7
Lahore,House,13.2,5,4,3,8.2,1,1,1,282.8
Faisalabad,House,8.1,2,1,3,0.7,1,0,0,89.8
Faisalabad,Flat,9.7,4,3,3,3.1,0,1,0,92.5
Multan,House,10.0,2,2,2,9.8,1,1,0,96.3
Multan,Flat,8.0,2,2,8,3.8,0,1,0,58.7
Rawalpindi,House,13.2,4,3,18,11.1,1,1,0,153.0
Karachi,House,9.3,4,3,3,2.5,0,1,0,210.8
Faisalabad,House,11.2,3,2,2,19.0,1,1,0,106.3
Peshawar,Flat,10.0,3,2,15,1.4,1,1,0,102.5
Peshawar,House,14.5,4,3,11,0.2,1,1,1,187.4
Faisalabad,House,14.1,5,5,21,12.4,1,1,1,135.6
Multan,Flat,10.9,4,3,1,8.4,1,1,1,101.1
Karachi,Flat,14.8,5,4,1,1.6,0,1,0,297.7
Karachi,House,18.9,5,5,6,25.1,1,1,0,255.3
Islamabad,House,5.6,1,1,8,4.2,1,1,0,106.8
Rawalpindi,House,9.8,2,2,5,18.1,1,1,1,85.0
Islamabad,Flat,8.6,3,3,7,4.2,1,1,0,135.7
Karachi,Flat,9.5,2,2,2,3.8,1,1,0,164.9
Rawalpindi,Flat,5.3,1,1,5,3.6,1,1,0,51.6
Lahore,Flat,5.6,1,1,9,2.4,1,1,0,71.7
Rawalpindi,Upper Portion,4.5,1,1,5,4.6,1,1,0,35.4
Islamabad,House,10.1,3,3,9,3.6,1,1,0,193.7
Islamabad,House,10.0,3,2,5,0.2,1,1,0,257.9
Faisalabad,Upper Portion,19.9,6,4,3,1.8,1,1,0,150.0
Karachi,House,12.8,4,3,3,1.4,1,1,0,307.6
Islamabad,House,5.5,2,1,4,12.1,1,1,0,102.6
Rawalpindi,House,14.6,4,4,0,5.5,1,0,1,240.1
Faisalabad,Upper Portion,40.0,8,6,9,8.7,1,1,0,326.1
Lahore,House,5.6,2,1,15,18.9,0,1,0,56.3
Rawalpindi,House,22.3,6,4,4,6.2,0,1,1,428.2
Islamabad,Flat,12.0,4,4,0,24.3,0,1,1,131.2
Islamabad,House,10.4,3,3,35,2.2,0,1,0,135.0
Rawalpindi,Lower Portion,9.8,3,2,2,1.2,1,1,0,88.7
Rawalpindi,House,13.7,5,4,1,3.1,1,1,1,311.1
Rawalpindi,Flat,10.4,4,3,4,3.8,1,0,0,130.4
Peshawar,House,8.0,3,3,11,13.5,1,1,1,93.2
Bannu,Upper Portion,10.0,3,3,3,4.9,0,1,0,51.7
Rawalpindi,Upper Portion,13.9,5,4,7,2.1,1,1,1,167.7
Lahore,Flat,15.6,5,3,4,8.1,1,1,0,223.1
Faisalabad,Upper Portion,23.2,7,5,1,4.2,0,1,1,237.0
Lahore,House,12.6,3,2,3,1.1,0,1,0,235.1
Karachi,Lower Portion,19.3,5,4,10,5.2,1,1,1,189.4
Islamabad,Flat,11.3,4,3,8,14.5,0,1,0,145.9
Islamabad,Upper Portion,11.9,4,3,1,11.1,1,1,0,162.8
Bannu,Flat,11.7,4,3,1,5.3,0,1,0,60.4
Faisalabad,House,13.2,4,3,8,2.8,0,1,1,143.8
Peshawar,Flat,16.6,6,6,13,0.5,1,1,0,151.8
Karachi,House,10.3,3,3,3,3.8,1,1,0,243.5
Lahore,Flat,8.7,4,4,7,8.4,0,1,0,141.1
Lahore,House,17.2,5,4,1,2.7,0,1,1,392.0
Lahore,House,16.7,6,5,3,1.6,1,0,0,420.4
Rawalpindi,Lower Portion,20.5,5,5,0,16.1,1,1,0,186.9
Peshawar,Upper Portion,9.7,3,2,12,10.3,1,1,1,73.4
Peshawar,Upper Portion,11.2,2,2,4,6.1,1,1,1,75.9
Lahore,Flat,17.4,5,4,14,0.9,1,1,0,254.7
Bannu,Flat,10.2,3,1,10,0.9,0,1,0,54.5
Peshawar,Flat,15.4,4,4,14,0.7,1,1,0,145.7
Rawalpindi,House,11.3,3,3,3,5.7,1,1,0,235.9
Rawalpindi,Upper Portion,13.7,5,4,2,0.7,1,1,0,159.7
Karachi,Upper Portion,7.9,2,2,29,11.1,1,1,0,51.5
Lahore,Flat,12.6,4,3,10,29.7,0,1,1,92.0
Karachi,Lower Portion,4.2,1,1,14,2.7,1,1,0,44.2
Peshawar,Flat,18.7,8,7,0,3.6,1,1,1,235.2
Islamabad,House,16.1,6,4,4,7.5,1,1,0,423.8
Islamabad,Lower Portion,8.5,3,2,11,16.6,1,1,0,69.0
Islamabad,House,22.5,7,6,1,13.5,1,1,0,471.8
Islamabad,Flat,18.3,6,5,7,0.4,0,1,1,401.0
Multan,House,8.0,1,1,4,1.1,1,1,0,77.0
Peshawar,Flat,10.0,3,2,0,8.4,1,0,0,92.7
Karachi,Flat,8.2,2,1,2,7.0,0,1,0,117.4
Islamabad,Flat,13.8,3,3,3,0.9,1,0,0,258.3
Karachi,House,9.8,2,2,1,4.2,1,1,0,195.7
Karachi,House,6.0,1,1,8,9.1,1,1,1,112.0
Lahore,Flat,11.9,4,3,2,1.5,0,1,1,175.7
Karachi,Upper Portion,16.9,6,5,3,12.3,1,1,0,156.1
Karachi,House,12.6,5,4,18,0.3,0,1,1,281.7
Rawalpindi,House,14.8,5,3,5,9.1,1,1,0,239.0
Rawalpindi,House,13.1,3,2,4,5.7,1,0,1,192.6
Islamabad,Lower Portion,15.9,4,4,10,2.3,1,1,0,165.1
Karachi,Flat,13.5,3,2,19,7.7,0,0,1,118.4
Rawalpindi,Lower Portion,11.6,3,2,0,9.1,1,1,1,104.0
Karachi,Flat,12.6,3,2,5,16.3,1,1,1,196.9
Multan,House,20.8,6,5,8,2.8,1,0,0,254.8
Peshawar,Flat,15.1,4,3,3,7.0,1,1,0,138.2
Lahore,House,8.5,3,2,12,5.5,1,1,1,152.1
Islamabad,House,12.5,4,4,28,4.5,1,1,1,279.3
Peshawar,House,13.8,4,4,23,13.3,1,1,0,132.4
Islamabad,House,11.5,4,3,2,0.2,1,1,0,260.9
Rawalpindi,House,6.0,1,1,2,2.0,1,1,0,91.1
Bannu,House,8.8,3,3,25,4.6,1,1,0,56.7
Rawalpindi,House,10.4,3,3,5,1.2,1,1,1,162.0
Karachi,House,23.5,7,6,2,14.3,1,1,1,612.6
Peshawar,Flat,14.5,5,4,10,6.3,0,1,0,116.9
Karachi,House,6.8,3,2,3,3.9,1,0,1,120.2
Rawalpindi,House,11.8,3,2,2,10.1,0,1,0,166.4
Bannu,House,19.5,6,4,17,3.6,1,1,0,157.2
Karachi,Flat,9.8,3,3,1,4.9,1,1,0,159.9
Bannu,Flat,17.7,5,3,1,0.2,1,1,1,128.2
Multan,Upper Portion,6.9,3,3,3,2.7,1,0,1,46.2
Lahore,Upper Portion,4.4,2,2,7,0.9,0,1,0,53.7
Islamabad,House,18.7,7,6,1,7.0,1,0,0,530.0
Islamabad,House,10.2,2,2,5,3.9,1,1,0,189.9
Islamabad,House,6.1,2,1,8,2.2,1,0,0,91.7
Islamabad,Lower Portion,10.5,3,2,15,3.8,1,1,0,98.0
Peshawar,Flat,13.0,4,3,2,1.4,1,1,0,140.2
Islamabad,House,14.3,3,2,14,15.5,1,1,1,220.3
Lahore,House,4.9,2,2,2,0.3,1,1,0,90.5
Faisalabad,House,9.5,3,2,9,12.0,1,1,0,84.5
Islamabad,House,12.4,3,3,5,4.3,1,0,0,266.0
Faisalabad,Upper Portion,14.3,3,2,1,5.8,0,1,0,105.6
Lahore,Flat,8.5,2,2,10,2.2,1,0,0,109.6
Islamabad,Flat,11.3,4,4,2,20.4,1,0,0,151.4
Peshawar,House,9.8,3,3,2,2.0,1,0,0,125.0
Rawalpindi,House,13.2,5,4,4,5.3,1,1,1,231.1
Multan,Flat,18.4,7,6,8,30.1,1,1,0,118.7
Peshawar,Flat,10.7,4,3,2,12.8,1,1,0,101.8
Faisalabad,House,7.3,2,2,2,4.6,0,1,1,105.3
Lahore,House,9.3,3,2,0,27.9,1,1,0,125.3
Lahore,Upper Portion,22.4,7,5,5,7.3,0,1,0,269.6
Peshawar,House,8.8,2,1,4,1.4,1,1,0,95.0
Faisalabad,House,7.8,1,1,2,3.1,1,1,0,95.6
Bannu,House,10.5,4,3,0,2.4,1,1,0,89.9
Karachi,Flat,11.8,3,3,4,2.5,1,1,0,211.3
Karachi,House,10.0,3,2,12,8.6,1,1,1,166.1
Faisalabad,Flat,6.9,1,1,10,5.3,1,1,1,54.7
Karachi,House,13.7,5,4,16,0.2,1,1,0,251.9
Bannu,House,13.2,4,4,0,12.6,0,1,0,112.8
Multan,Flat,15.6,5,5,27,2.1,1,1,0,93.5
Karachi,Flat,13.1,5,4,3,35.0,1,0,0,118.0
Peshawar,Upper Portion,21.6,7,5,37,18.5,1,1,0,87.4
Peshawar,House,16.1,5,5,2,16.9,1,0,0,185.7
Islamabad,House,14.9,3,4,5,10.0,1,1,0,295.4
Multan,Flat,18.7,8,6,3,1.5,1,1,0,203.0
Karachi,House,12.8,5,3,4,4.6,1,1,0,294.4
Faisalabad,House,11.4,4,4,15,1.5,1,0,0,111.8
Lahore,House,13.6,4,3,11,1.8,1,1,0,231.9
Multan,House,5.9,2,2,39,5.7,0,1,0,31.1
Karachi,House,12.8,4,4,8,0.3,1,1,0,277.6
Islamabad,Lower Portion,11.7,5,4,5,20.9,1,1,0,101.8
Multan,Upper Portion,14.2,5,3,1,15.1,0,1,0,93.6
Islamabad,Lower Portion,17.7,5,4,45,2.9,1,1,0,114.8
Lahore,Lower Portion,15.0,4,4,6,4.3,1,1,0,164.3
Bannu,House,9.3,4,3,10,3.8,1,1,0,63.9
Bannu,House,16.6,6,5,4,12.8,0,1,1,178.6
Rawalpindi,Flat,21.7,8,7,6,7.0,0,1,0,396.3
Rawalpindi,Upper Portion,17.9,6,5,23,2.0,0,1,0,138.7
Karachi,House,7.5,2,2,1,3.6,1,1,0,179.3
Lahore,House,15.0,2,1,3,3.4,1,1,0,274.5
Lahore,House,7.9,3,2,1,19.2,0,0,0,132.1
Peshawar,House,11.0,3,3,13,1.2,1,1,1,143.5
Peshawar,House,14.0,4,3,1,0.6,1,1,1,217.3
Faisalabad,House,13.3,4,3,1,12.8,0,1,0,98.8
Faisalabad,Upper Portion,17.7,5,3,3,13.6,1,0,0,102.1
Islamabad,House,21.8,7,6,6,12.3,0,1,0,493.8
Karachi,Lower Portion,14.6,5,4,4,4.3,1,1,0,191.6
Islamabad,House,10.7,4,4,0,6.5,1,1,1,236.0
Rawalpindi,Lower Portion,6.0,3,2,25,5.0,1,1,0,34.6
Karachi,House,19.5,7,6,24,0.4,1,1,0,432.5
Multan,Flat,11.8,3,2,3,5.4,1,1,0,80.6
Karachi,House,12.0,4,3,11,0.2,1,0,0,252.1
Islamabad,Flat,12.4,4,3,7,2.4,1,1,1,262.7
Islamabad,Upper Portion,14.3,5,4,2,16.2,1,1,1,196.4
Faisalabad,House,14.5,5,4,2,2.2,1,1,1,223.8
Rawalpindi,House,11.0,4,2,5,16.9,1,1,0,107.4
Islamabad,House,11.7,5,5,4,1.7,1,1,0,280.2
Islamabad,House,9.7,5,4,3,2.3,1,0,1,323.4
Peshawar,House,9.3,3,2,13,5.9,1,1,1,97.5
Islamabad,Flat,9.3,1,1,5,8.6,1,1,0,146.3
Faisalabad,House,11.7,5,3,9,4.2,1,0,1,134.6
Peshawar,Flat,8.7,2,1,2,12.8,0,1,0,61.5
Islamabad,Upper Portion,4.3,1,1,6,0.2,1,1,0,56.3
Islamabad,Flat,10.6,3,3,3,15.3,1,1,0,151.4
Bannu,House,7.7,2,2,6,1.3,0,1,0,62.2
Karachi,Flat,12.7,4,3,12,12.9,1,1,1,154.6
Karachi,House,9.7,2,1,12,3.1,1,1,0,148.1
Faisalabad,House,14.4,4,3,3,10.7,1,1,1,153.9
Bannu,House,7.9,3,3,9,6.7,1,1,0,56.4
Bannu,Lower Portion,6.3,2,2,23,1.2,1,1,0,21.4
Peshawar,Flat,11.7,4,3,8,15.0,1,1,1,108.2
Karachi,House,10.4,3,3,1,1.7,0,0,0,222.4
Islamabad,House,7.4,2,2,9,1.7,1,0,1,166.6
Faisalabad,House,16.1,5,4,1,10.1,1,0,0,197.6
Rawalpindi,Lower Portion,8.4,3,3,16,0.7,1,1,0,58.3
Karachi,Lower Portion,9.2,4,4,6,1.5,1,1,0,116.3
Multan,House,17.3,4,3,4,4.2,1,1,1,218.1
Islamabad,House,14.7,4,4,0,10.6,1,1,0,363.6
Karachi,Flat,8.0,2,1,4,1.0,1,1,0,106.3
Islamabad,House,10.8,2,1,19,4.8,0,1,1,136.3
Karachi,House,7.8,3,2,0,7.5,0,1,0,155.7
Islamabad,Flat,16.8,6,5,5,11.8,1,1,1,318.8
Islamabad,House,16.8,6,4,21,16.5,0,1,0,254.4
Islamabad,Flat,23.1,8,7,4,9.2,1,1,0,473.0
Peshawar,House,26.7,8,5,4,6.3,1,1,0,450.8
Peshawar,Flat,9.7,3,4,7,3.4,1,1,0,87.5
Rawalpindi,Flat,15.8,6,6,5,0.7,1,1,0,232.6
Bannu,House,6.0,2,1,1,7.4,1,1,0,46.1
Karachi,Flat,13.0,5,4,0,29.6,1,1,0,121.2
Lahore,House,14.2,4,3,8,8.0,0,1,0,242.6
Multan,House,8.5,1,1,20,0.2,1,1,0,71.1
Lahore,House,9.5,2,2,1,4.1,1,1,0,219.2
Bannu,House,16.8,5,4,2,5.7,0,1,0,144.1
Islamabad,House,14.3,5,4,4,7.0,1,1,1,369.0
Bannu,Flat,21.9,7,6,13,7.6,1,0,0,155.6
Islamabad,House,20.8,7,5,3,4.9,0,1,0,486.4
Multan,House,6.6,1,1,17,1.5,1,1,0,66.5
Rawalpindi,Upper Portion,10.0,4,3,0,17.1,1,1,0,102.0
Bannu,Flat,8.2,2,2,23,7.2,0,1,0,33.6
Islamabad,House,16.0,5,4,7,1.6,1,1,1,395.6
Rawalpindi,House,13.5,4,4,9,2.3,1,1,1,285.5
Bannu,House,8.4,3,2,4,15.3,1,1,1,66.1
Rawalpindi,House,8.9,4,3,12,13.1,1,0,0,113.2
Rawalpindi,Upper Portion,19.0,5,5,1,3.1,1,1,0,259.0
Peshawar,House,10.4,2,2,0,0.2,0,1,1,162.1
Karachi,Flat,5.7,2,2,4,0.3,0,1,0,82.5
Rawalpindi,Lower Portion,8.1,2,2,15,2.0,1,1,1,66.1
Rawalpindi,Flat,23.7,8,7,11,6.0,0,1,0,341.1
Multan,House,17.5,6,5,6,5.3,1,0,1,228.7
Islamabad,Flat,7.6,2,2,7,6.0,0,1,1,94.9
Lahore,Upper Portion,13.0,3,2,1,7.6,1,0,0,126.9
Bannu,Flat,17.1,4,3,15,0.2,0,0,0,79.9
Multan,Upper Portion,6.5,1,1,12,0.7,1,1,0,38.9
Karachi,House,17.8,6,5,9,2.7,1,1,1,384.7
Rawalpindi,Upper Portion,14.3,5,4,5,1.0,1,1,1,172.8
Lahore,Lower Portion,9.3,4,2,27,0.5,1,1,0,93.6
Lahore,House,15.2,5,4,17,6.1,1,1,0,314.2
Karachi,Flat,13.6,4,3,8,10.1,1,1,1,159.0
Karachi,Flat,13.9,5,3,4,8.4,1,1,0,187.0
Rawalpindi,Flat,12.8,4,3,8,10.2,1,0,1,129.5
Islamabad,Upper Portion,8.8,4,3,7,6.6,0,1,1,99.3
Bannu,House,9.3,3,2,4,8.0,0,1,1,58.3
Bannu,Flat,11.1,3,2,3,1.9,1,1,0,72.0
Peshawar,Flat,12.4,2,2,4,29.8,1,1,0,71.0
Rawalpindi,Flat,15.5,5,5,7,1.2,1,0,0,233.0
Lahore,Flat,23.9,8,7,4,1.4,1,0,1,470.2
Faisalabad,House,13.2,3,3,2,2.0,1,0,0,157.9
Peshawar,House,15.4,4,4,11,22.2,1,0,0,136.9
Lahore,Upper Portion,16.7,6,5,6,26.7,1,1,0,142.6
Multan,Lower Portion,15.8,4,4,1,9.5,1,1,0,109.0
Faisalabad,House,8.6,3,2,4,6.0,1,1,1,108.9
Bannu,Flat,19.7,6,4,17,4.4,1,1,1,120.2
Peshawar,Upper Portion,18.5,6,5,11,21.2,1,1,0,85.1
Rawalpindi,Flat,12.8,3,3,3,7.1,1,1,0,177.6
Karachi,Flat,8.8,3,3,22,17.4,0,1,1,79.1
Bannu,House,12.3,6,6,1,2.3,1,1,0,139.5
Multan,Flat,6.8,3,2,26,2.4,1,1,0,32.1
Islamabad,Flat,20.7,6,5,2,11.6,1,1,0,370.3
Islamabad,Flat,9.6,4,3,0,1.0,0,1,0,179.5
Karachi,Flat,10.9,3,3,5,17.5,1,0,0,133.1
Faisalabad,House,20.1,7,5,4,4.2,0,1,0,377.3
Bannu,Lower Portion,19.2,7,5,6,15.7,1,1,0,79.4
Lahore,Flat,13.8,2,1,13,2.5,1,1,0,186.8
Rawalpindi,Flat,21.9,6,4,15,7.6,0,1,0,250.6
Karachi,Lower Portion,8.5,3,2,4,4.0,0,1,1,89.7
Bannu,Upper Portion,13.8,4,3,4,5.9,1,1,0,77.6
Faisalabad,Upper Portion,8.6,2,1,1,4.2,0,1,0,54.7
Faisalabad,Flat,18.1,5,4,0,20.5,1,1,0,154.1
Karachi,House,17.8,4,4,8,7.1,1,1,1,476.4
Karachi,House,22.6,7,6,1,1.7,1,1,0,651.0
Lahore,House,12.2,5,4,11,14.4,1,1,1,207.5
Islamabad,House,25.1,8,7,6,2.1,1,1,0,842.7
Multan,Flat,8.3,4,4,2,2.8,1,1,0,91.7
Faisalabad,House,11.9,4,2,6,0.6,1,1,0,132.6
Bannu,Lower Portion,8.4,3,2,2,13.8,1,1,0,31.3
Bannu,Flat,13.1,5,4,5,2.0,1,1,0,101.3
Rawalpindi,House,8.7,3,2,13,1.8,1,1,0,124.6
Faisalabad,House,18.1,6,5,5,15.2,0,0,0,169.3
Bannu,House,14.5,5,4,1,9.8,1,1,0,136.1
Faisalabad,Upper Portion,8.1,4,3,10,0.9,1,0,1,65.4
Lahore,House,16.4,5,4,2,8.8,1,1,1,345.2
Karachi,Flat,21.3,6,4,11,14.7,0,0,0,272.4
Islamabad,Flat,15.0,5,3,5,0.5,1,1,0,265.4
Bannu,Flat,7.3,3,2,5,10.5,1,1,0,34.8
Rawalpindi,House,11.5,4,3,15,4.8,1,0,0,150.9
Lahore,House,15.7,4,3,10,6.6,1,1,0,288.3
Peshawar,House,11.1,5,3,0,4.1,1,1,0,131.0
Rawalpindi,House,8.3,2,1,3,7.2,0,1,0,107.1
Karachi,Flat,18.9,6,4,16,0.2,1,0,1,321.0
Islamabad,House,10.9,3,2,0,8.6,0,1,0,254.7
Peshawar,House,21.3,8,6,6,0.2,1,1,0,345.1
Rawalpindi,House,10.0,3,2,10,3.6,0,1,0,119.4
Faisalabad,Flat,10.7,3,2,8,1.0,1,1,1,96.7
Rawalpindi,House,9.8,4,3,11,10.4,1,1,1,133.8
Multan,House,11.4,4,3,10,2.3,1,1,0,135.7
Rawalpindi,Flat,14.4,4,4,9,3.6,0,1,0,161.4
Rawalpindi,House,8.4,3,3,14,3.4,1,0,0,79.2
Multan,House,7.9,2,2,8,8.9,1,1,0,106.2
Karachi,House,6.5,2,1,4,3.9,1,0,0,124.5
Islamabad,Lower Portion,6.2,1,1,5,9.3,0,1,1,62.6
Islamabad,House,7.3,1,1,10,0.5,1,1,0,115.7
Peshawar,House,10.0,4,3,17,1.3,1,1,0,95.0
Rawalpindi,Lower Portion,13.0,5,5,3,4.8,1,0,1,134.1
Peshawar,House,14.1,4,3,3,17.6,1,1,1,162.8
Lahore,Flat,12.8,5,4,21,0.5,1,1,0,188.8
Islamabad,House,20.3,6,5,7,0.3,1,1,0,564.0
Islamabad,House,22.9,7,6,2,1.0,0,1,0,563.8
Karachi,Flat,11.0,3,2,9,6.1,1,1,0,108.0
Rawalpindi,Upper Portion,8.5,3,2,37,3.1,1,1,1,50.2
Karachi,House,25.7,8,7,14,10.5,0,1,1,529.4
Karachi,Flat,18.6,7,6,11,0.4,1,1,1,318.1
Multan,Flat,18.1,6,5,2,1.3,1,1,0,211.4
Karachi,House,9.9,4,4,17,2.1,0,1,1,157.9
Rawalpindi,Flat,16.6,6,4,6,5.9,0,1,0,223.2
Faisalabad,House,12.8,4,3,18,6.9,1,1,0,104.2
Karachi,House,11.8,3,3,3,0.8,1,1,0,271.4
Rawalpindi,House,11.8,3,2,1,17.3,0,1,0,162.1
Multan,Upper Portion,14.6,5,6,5,2.5,1,1,1,118.5
Bannu,House,20.6,6,5,3,7.5,1,1,0,235.4
Islamabad,Flat,26.6,8,6,10,4.5,1,1,0,651.8
Multan,House,10.5,3,2,25,1.5,1,1,0,91.1
Karachi,House,13.1,6,5,9,11.2,1,0,1,295.6
Lahore,Flat,11.7,3,2,17,10.2,1,1,0,143.8
Karachi,Flat,14.3,3,2,5,3.0,1,1,0,237.0
Bannu,House,11.2,4,3,12,5.3,0,0,1,89.6
Karachi,House,24.8,7,5,15,1.8,0,1,0,506.1
Lahore,Upper Portion,9.5,3,3,10,7.0,1,1,0,79.4
Rawalpindi,House,10.5,4,4,6,2.2,1,1,0,152.2
Lahore,Flat,9.9,4,3,8,11.2,0,0,0,152.7
Islamabad,Flat,11.5,3,2,10,1.5,0,1,1,191.9
Islamabad,Flat,7.5,2,2,2,0.2,1,1,0,126.3
Islamabad,Lower Portion,10.0,3,3,13,1.9,0,0,1,129.1
Lahore,Flat,14.2,5,5,24,1.3,1,1,0,169.7
Islamabad,House,14.2,6,5,5,4.3,0,1,1,399.7
Peshawar,House,13.3,5,5,10,1.4,0,1,0,177.6
Lahore,House,19.9,6,5,11,8.6,1,1,0,411.0
Karachi,House,14.4,4,4,9,1.7,1,1,0,304.0
Multan,Upper Portion,19.6,6,4,6,7.4,1,1,0,123.8
Karachi,House,26.6,8,7,17,5.2,1,1,0,547.2
Peshawar,Flat,16.8,6,5,5,25.7,1,1,0,109.8
Lahore,Flat,7.5,3,2,1,40.0,1,1,0,47.9
Lahore,Upper Portion,13.5,3,2,15,12.2,1,1,0,95.2
Islamabad,Flat,12.8,4,3,9,8.6,1,1,0,166.6
Lahore,Flat,21.3,7,5,15,2.9,0,0,0,314.7
Lahore,House,11.7,4,4,1,8.4,1,1,1,248.9
Lahore,Flat,9.0,3,2,0,18.8,1,1,0,106.9
Islamabad,House,10.2,3,3,22,0.2,1,1,1,200.0
Islamabad,Upper Portion,7.6,4,3,1,4.6,0,1,0,136.5
Karachi,House,4.3,2,2,13,1.5,1,0,1,82.6
Lahore,House,24.8,7,5,14,4.9,1,1,0,488.1
Karachi,House,12.3,3,2,10,3.8,0,0,1,234.1
Karachi,Flat,7.8,3,3,1,5.1,0,1,0,135.5
Peshawar,Flat,22.1,5,4,9,4.8,1,0,1,220.3
Islamabad,House,23.6,7,5,18,19.3,1,1,1,460.6
Faisalabad,House,13.0,4,2,4,4.8,0,1,0,155.4
Rawalpindi,House,7.4,1,1,4,11.2,1,1,0,90.4
Islamabad,House,10.3,3,3,5,2.3,0,1,1,242.4
Multan,House,11.2,4,3,1,3.5,1,1,0,164.2
Multan,House,12.4,4,3,18,3.8,1,1,0,123.8
Islamabad,Flat,8.2,3,3,16,2.0,1,1,0,107.8
Lahore,House,17.3,6,5,45,2.9,1,1,0,189.8
Faisalabad,Lower Portion,5.6,2,1,7,5.5,0,1,1,23.9
Peshawar,House,18.4,7,5,11,5.2,1,1,0,257.3
Lahore,Flat,19.9,6,5,2,6.1,0,1,0,378.2
Lahore,Flat,10.6,2,2,9,2.6,1,1,0,118.9
Karachi,House,11.9,5,4,8,2.3,1,1,0,276.7
Karachi,House,20.9,7,6,19,5.7,1,1,1,514.5
Rawalpindi,House,15.5,4,4,14,0.9,1,1,0,279.2
Karachi,House,10.8,2,1,22,1.8,0,1,0,184.1
Karachi,House,11.2,4,3,16,0.3,1,1,0,172.1
Peshawar,House,14.7,5,4,16,0.5,0,1,1,198.3
Islamabad,House,23.9,8,7,1,1.7,1,1,0,625.5
Lahore,House,11.4,3,1,15,0.2,0,1,0,163.8
Peshawar,House,10.7,3,2,7,1.7,0,1,0,138.6
Multan,House,12.4,5,4,4,6.4,1,0,0,147.4
Rawalpindi,House,12.4,5,4,0,0.4,1,1,0,268.9
Rawalpindi,Flat,13.7,4,3,9,3.4,0,1,0,138.8
Islamabad,Flat,11.9,4,3,3,14.7,1,1,1,219.8
Karachi,Lower Portion,18.8,6,5,5,9.4,0,1,1,253.3
Rawalpindi,House,8.8,3,2,9,2.2,0,1,1,150.3
Lahore,House,14.3,5,4,19,15.5,1,1,0,180.0
Lahore,House,14.5,5,4,14,2.4,1,0,0,314.5
Karachi,House,9.0,3,2,5,0.5,0,1,0,177.9
Islamabad,Flat,14.2,5,4,4,30.8,0,1,1,142.6
Lahore,House,14.6,3,3,2,12.2,1,0,0,269.3
Lahore,Flat,4.9,3,2,4,3.8,1,1,1,80.8
Lahore,Flat,8.5,1,2,1,6.6,1,1,0,102.1
Islamabad,Lower Portion,21.6,6,5,28,6.7,0,1,1,264.6
Multan,House,9.8,3,3,7,1.3,1,1,0,135.9
Rawalpindi,House,7.8,2,1,1,1.3,1,1,0,134.5
Peshawar,House,6.2,3,1,3,3.8,1,1,0,79.9
Faisalabad,House,8.2,2,2,6,14.6,1,0,1,80.4
Karachi,Lower Portion,11.7,4,3,6,0.2,1,1,1,126.4
Islamabad,House,7.7,2,2,0,9.2,1,1,1,169.6
Rawalpindi,Flat,15.6,5,4,24,0.4,1,1,0,168.2
Rawalpindi,House,9.0,3,2,3,3.9,1,1,1,142.8
Peshawar,House,13.7,4,3,0,6.1,0,1,0,168.6
Karachi,House,20.3,6,5,1,7.0,1,0,0,345.7
Islamabad,House,19.8,6,5,7,0.4,1,1,0,463.8
Lahore,Flat,13.6,4,3,1,3.3,0,1,0,232.9
Karachi,Lower Portion,8.0,3,3,0,5.3,1,1,0,116.3
Peshawar,Flat,12.0,3,2,4,0.4,1,1,1,111.0
Rawalpindi,House,13.8,4,3,8,0.9,1,1,0,237.4
Karachi,House,28.7,8,6,1,6.5,1,1,0,877.7
Bannu,Upper Portion,6.1,2,1,3,4.4,1,1,0,26.8
Rawalpindi,House,12.0,4,2,4,1.1,0,1,0,212.4
Lahore,Upper Portion,15.4,4,3,1,4.6,1,1,0,194.5
Islamabad,House,12.7,3,2,6,14.6,1,1,0,259.2
Lahore,House,13.3,4,3,1,0.2,0,1,0,242.5
Lahore,House,9.2,2,1,0,6.2,1,1,0,146.4
Lahore,Lower Portion,17.2,5,4,6,0.5,1,1,0,220.0
Lahore,House,12.4,3,1,2,0.2,1,1,0,255.8
Lahore,House,13.2,5,4,1,1.0,0,1,0,296.8
Lahore,House,17.9,5,3,4,3.3,0,1,0,391.9
Multan,Flat,10.9,4,3,20,9.7,1,1,0,61.9
Islamabad,House,19.4,6,5,10,2.0,1,1,0,409.9
Rawalpindi,Flat,7.6,3,3,14,5.9,1,1,0,74.0
Karachi,Upper Portion,13.5,4,3,16,3.2,1,1,0,146.3
Bannu,Lower Portion,9.0,3,2,29,1.6,1,1,0,28.1
Islamabad,House,8.2,2,2,12,4.3,1,1,1,190.6
Karachi,Flat,23.8,8,6,8,9.6,1,1,0,457.7
Bannu,House,7.7,2,1,4,10.7,0,1,1,57.2
Multan,Flat,12.5,3,3,2,11.2,1,1,1,104.9
Faisalabad,Upper Portion,7.5,2,1,9,2.5,1,1,1,47.7
Lahore,House,18.9,5,4,42,9.5,0,1,0,167.9
Lahore,Upper Portion,10.5,4,3,5,1.4,1,1,1,120.8
Peshawar,Upper Portion,17.9,7,6,10,8.0,1,1,0,134.4
Multan,House,15.2,4,4,5,17.8,1,1,0,140.6
Rawalpindi,Flat,26.9,8,6,5,0.2,1,1,0,378.6
Rawalpindi,House,7.0,1,1,4,3.5,0,1,1,104.0
Lahore,House,8.5,3,2,6,6.3,1,1,0,150.6
Faisalabad,House,17.5,5,3,4,7.3,0,1,1,205.9
Lahore,Lower Portion,13.8,4,3,11,1.2,1,1,0,169.4
Lahore,House,11.2,3,4,17,21.5,1,1,1,102.9
Karachi,Flat,24.8,8,7,17,5.7,1,1,1,425.5
Karachi,Flat,12.2,5,5,2,1.1,1,1,1,179.6
Lahore,Flat,9.1,3,3,18,0.2,1,1,0,121.7
Islamabad,Flat,17.9,5,4,3,9.2,1,1,1,360.4
Rawalpindi,House,12.3,5,4,3,0.5,1,0,1,203.6
Lahore,Flat,12.7,3,3,10,0.9,1,1,0,156.5
Rawalpindi,House,15.6,3,3,3,5.1,0,1,0,191.8
Lahore,Flat,15.9,5,4,0,5.6,0,1,1,271.6
Karachi,House,8.4,2,1,4,7.0,1,1,0,148.7
Rawalpindi,House,10.9,4,5,10,3.0,1,1,1,186.9
Islamabad,Lower Portion,7.3,2,2,3,8.9,0,1,0,72.5
Karachi,House,13.8,5,4,8,22.0,0,1,0,184.0
Islamabad,House,23.6,8,6,9,1.9,0,1,0,715.6
Islamabad,House,8.5,2,1,11,7.3,1,1,0,156.8
Bannu,House,6.8,2,2,18,15.8,0,0,0,28.7
Lahore,House,9.6,3,3,5,7.0,0,0,1,160.9
Faisalabad,Flat,11.1,5,4,1,6.9,1,1,0,98.0
Lahore,Upper Portion,15.9,5,3,3,1.5,1,1,1,264.6
Peshawar,House,10.7,3,2,5,4.6,1,1,1,149.4
Faisalabad,House,13.9,5,4,10,5.0,1,1,0,165.3
Rawalpindi,Flat,10.1,3,3,0,7.2,0,1,0,141.2
Karachi,House,11.4,4,4,3,34.5,1,1,0,157.4
Karachi,Upper Portion,9.0,2,2,12,0.2,1,0,0,96.9
Karachi,House,8.0,4,3,9,0.4,1,1,0,166.0
Multan,House,16.2,4,3,11,0.5,1,1,0,175.3
Faisalabad,House,10.4,3,2,13,8.2,1,1,1,94.7
Bannu,Flat,14.3,4,3,12,0.9,0,1,0,102.6
Islamabad,Flat,8.9,4,3,9,5.8,1,1,0,125.4
Peshawar,House,12.2,3,2,5,2.4,0,1,1,171.0
Bannu,House,5.6,3,2,33,3.7,1,1,1,33.9
Lahore,Lower Portion,10.6,4,3,7,1.5,1,1,1,122.5
Islamabad,Upper Portion,9.3,3,1,2,12.1,1,1,1,137.9
Peshawar,House,18.6,5,3,3,5.3,1,1,0,205.0
Rawalpindi,Upper Portion,7.6,3,2,9,17.4,1,1,1,56.0
Faisalabad,Flat,11.5,3,3,21,5.1,1,1,1,80.0
Islamabad,House,13.8,5,4,2,0.8,1,1,0,414.2
Faisalabad,House,17.6,5,4,1,1.1,1,1,0,264.2
Lahore,Flat,16.7,5,4,17,27.1,1,1,0,114.5
Lahore,House,11.9,3,3,20,7.8,1,1,0,203.6
Lahore,Flat,12.5,3,3,3,0.3,1,1,0,211.2
Faisalabad,House,18.6,6,5,4,7.3,1,1,0,217.2
Peshawar,Flat,11.8,4,3,9,3.2,1,0,0,103.3
Rawalpindi,House,13.0,5,4,3,2.2,1,1,0,205.2
Karachi,House,18.9,5,4,17,1.0,1,1,0,379.7
Multan,House,28.5,8,6,1,11.0,1,1,1,410.4
Karachi,House,13.4,6,5,0,0.4,1,0,0,344.6
Faisalabad,House,14.8,4,3,2,2.1,0,1,0,175.9
Karachi,House,16.5,6,5,3,2.2,1,0,0,334.3
Karachi,Lower Portion,18.8,6,5,1,1.1,1,1,0,290.4
Karachi,Flat,17.8,5,5,1,4.3,0,1,0,243.0
Lahore,Flat,9.8,3,2,11,0.2,1,1,0,137.7
Peshawar,House,13.7,5,5,1,2.1,1,1,1,175.5
Karachi,House,17.8,5,4,20,16.3,1,1,0,269.2
Lahore,House,20.4,6,5,4,2.2,1,1,0,486.0
Multan,Flat,11.6,4,4,9,2.7,1,1,0,105.3
Karachi,House,13.6,4,4,2,3.8,1,1,0,349.1
Rawalpindi,Flat,14.2,5,4,2,4.9,0,1,1,219.4
Multan,House,12.3,4,3,7,9.9,1,1,0,101.6
Rawalpindi,Lower Portion,13.5,5,3,7,1.3,1,1,1,137.1
Islamabad,House,5.5,1,1,12,12.3,1,1,0,106.0
Bannu,House,35.8,8,7,11,8.5,1,0,1,352.0
Rawalpindi,Flat,11.4,3,2,9,7.7,0,1,1,108.6
Karachi,Lower Portion,11.7,5,4,5,0.5,1,1,1,164.8
Islamabad,Flat,6.6,2,2,18,0.2,1,1,1,93.0
Faisalabad,House,6.3,3,2,8,5.4,0,0,0,54.4
Rawalpindi,House,14.6,4,4,37,11.9,1,1,1,151.3
Rawalpindi,Upper Portion,17.9,6,3,14,5.3,1,1,0,177.6
Multan,House,16.6,5,3,0,1.4,1,0,1,190.6
Faisalabad,House,8.9,2,1,3,0.6,1,1,0,103.2
Lahore,Upper Portion,16.2,4,3,7,7.2,0,1,0,161.9
Lahore,Upper Portion,11.6,3,3,10,7.7,1,0,1,99.9
Lahore,Flat,10.6,3,3,6,1.1,0,1,0,127.2
Peshawar,Lower Portion,7.3,2,2,12,0.2,1,1,0,38.9
Islamabad,House,9.3,4,3,3,3.1,1,0,1,229.2
Rawalpindi,House,14.7,4,3,2,5.2,1,0,0,228.9
Faisalabad,Flat,13.7,4,3,0,7.3,1,1,0,112.8
Multan,Flat,12.9,3,3,7,10.0,0,1,0,86.7
Karachi,Flat,5.5,2,1,9,5.7,1,1,0,79.5
Faisalabad,Upper Portion,13.0,5,3,3,0.7,1,1,0,111.9
Islamabad,House,9.8,4,4,8,6.9,1,1,0,240.1
Faisalabad,House,13.7,5,5,0,24.9,0,1,0,121.1
Islamabad,House,19.0,6,6,1,14.2,1,1,0,535.6
Karachi,Flat,10.3,4,3,10,12.3,1,1,0,142.1
Faisalabad,House,12.6,4,4,4,2.2,1,1,1,166.0
Islamabad,Upper Portion,24.7,8,7,9,8.3,1,1,0,387.9
Lahore,House,13.5,4,3,14,11.4,1,1,1,192.7
Peshawar,House,12.1,3,3,15,6.8,1,0,0,118.8
Peshawar,House,9.0,2,2,2,1.7,1,0,0,116.8
Peshawar,Flat,16.4,5,4,5,18.5,0,0,0,130.3
Peshawar,House,8.4,3,2,11,3.6,1,1,1,96.4
Rawalpindi,Flat,19.4,7,6,12,0.8,1,0,1,378.9
Lahore,House,15.5,5,4,12,0.7,1,1,1,332.8
Karachi,House,9.9,4,2,2,6.3,0,1,0,159.4
Lahore,House,9.1,3,3,2,3.5,0,0,1,209.7
Multan,Flat,9.2,3,2,7,0.6,1,1,0,82.8
Rawalpindi,House,6.3,1,1,11,8.1,0,0,1,77.4
Karachi,Upper Portion,14.5,4,3,3,9.6,0,0,0,154.2
Karachi,House,5.6,2,2,1,7.8,1,1,0,114.1
Bannu,House,11.8,4,4,10,1.4,1,1,0,122.9
Lahore,House,11.5,4,3,3,7.0,1,1,0,233.4
Rawalpindi,House,10.8,4,3,1,0.2,1,1,0,165.3
Karachi,Flat,14.4,4,3,1,2.2,1,1,0,148.8
Rawalpindi,Flat,9.9,5,3,3,3.1,1,1,0,139.5
Islamabad,Flat,13.0,4,3,7,10.8,1,0,1,178.2
Multan,House,19.4,7,5,4,3.0,1,1,0,266.5
Bannu,House,15.1,4,3,0,0.2,1,0,1,137.7
Rawalpindi,House,10.4,4,3,1,2.6,0,1,1,168.2
Peshawar,House,12.2,4,3,3,4.1,1,0,1,152.2
Multan,House,10.8,4,4,9,17.9,1,1,1,92.7
Peshawar,Lower Portion,11.4,2,2,1,17.0,1,1,1,71.5
Lahore,Flat,13.2,4,3,7,1.2,1,0,0,212.3
Rawalpindi,Flat,7.2,3,2,1,1.2,1,1,0,79.3
Rawalpindi,House,6.7,2,1,2,1.1,1,1,0,93.1
Karachi,House,8.7,3,3,2,9.3,1,0,0,176.2
Peshawar,House,14.7,3,2,1,0.2,1,1,0,226.2
Bannu,House,15.4,4,4,9,0.8,1,0,0,149.9
Multan,Flat,16.3,5,4,5,4.6,1,1,0,131.3
Karachi,House,8.8,3,2,14,1.7,1,1,1,195.5
Islamabad,Upper Portion,12.6,5,4,1,0.6,1,1,0,162.6
Bannu,Lower Portion,10.6,3,2,1,2.7,1,1,0,49.9
Faisalabad,House,11.6,4,3,3,1.9,0,0,0,148.2
Islamabad,Flat,10.5,3,2,12,4.3,1,1,0,116.7
Multan,Flat,13.4,3,3,3,23.2,0,1,1,101.0
Multan,House,9.5,1,1,4,0.8,1,1,0,115.2
Rawalpindi,Upper Portion,18.5,6,4,3,2.8,1,0,0,222.3
Rawalpindi,House,18.6,6,5,1,16.1,1,1,0,262.2
Karachi,Flat,14.5,4,3,22,12.6,1,1,0,158.6
Islamabad,House,17.7,4,3,6,3.0,1,1,0,450.9
Karachi,House,7.1,3,3,12,7.2,1,1,0,111.5
Faisalabad,House,18.9,6,5,9,0.6,1,1,0,257.3
Islamabad,Upper Portion,14.0,5,5,6,7.5,1,1,0,220.0
Karachi,House,9.7,4,3,1,21.6,0,1,1,132.0
Karachi,House,9.3,1,1,8,4.6,0,0,0,156.9
Rawalpindi,House,21.5,6,5,1,4.1,1,1,0,334.7
Multan,House,16.4,5,4,4,1.2,0,1,0,180.6
Karachi,Flat,11.5,5,4,8,6.0,1,1,0,174.3
Karachi,Flat,7.1,1,1,12,5.4,0,0,1,91.0
Peshawar,Upper Portion,19.3,7,7,9,6.3,1,1,0,154.9
Karachi,Flat,8.0,3,3,9,0.2,1,0,1,132.5
Lahore,Upper Portion,10.6,3,2,1,4.8,1,1,0,115.5
Karachi,Flat,11.5,3,3,3,5.4,0,1,1,171.6
Islamabad,Lower Portion,9.3,3,2,0,1.4,1,1,0,142.0
Lahore,House,11.3,4,4,10,1.4,1,0,0,192.3
Karachi,House,12.1,3,2,24,1.9,0,1,0,200.9
Karachi,Lower Portion,11.2,4,3,2,7.5,1,1,0,131.4
Multan,Flat,13.7,4,2,1,5.6,1,1,0,110.5
Karachi,Upper Portion,21.8,6,5,5,11.2,0,1,0,230.9
Rawalpindi,House,7.2,4,3,16,2.1,1,0,1,94.4
Rawalpindi,Upper Portion,12.9,4,3,6,14.6,1,1,0,96.5
Islamabad,Flat,8.1,3,2,0,8.2,1,0,0,125.3
Peshawar,House,7.0,3,2,29,3.0,1,1,1,68.7
Lahore,House,17.1,4,3,14,0.6,1,1,0,312.2
Bannu,House,13.3,5,4,1,1.8,1,0,1,133.9
Islamabad,Upper Portion,6.9,1,1,20,18.8,1,1,0,49.7
Karachi,Flat,11.3,3,2,5,2.2,0,1,0,179.2
Islamabad,Upper Portion,6.1,2,2,4,2.4,1,1,0,86.0
Bannu,House,8.7,3,4,5,1.3,1,1,1,69.2
Karachi,Lower Portion,5.4,2,2,14,9.9,1,1,1,48.1
Rawalpindi,House,11.5,3,2,9,1.9,1,1,1,214.6
Islamabad,House,15.6,5,4,0,2.4,1,1,0,353.4
Peshawar,House,15.0,4,3,25,3.2,1,1,1,157.9
Lahore,Lower Portion,10.5,2,1,1,3.4,1,1,0,107.2
Multan,House,17.4,6,5,11,3.2,1,0,0,192.7
Lahore,House,20.0,7,6,8,4.2,1,0,1,569.7
Lahore,House,15.7,6,5,2,10.1,1,1,0,338.3
Islamabad,House,9.9,3,2,1,10.3,1,1,0,241.0
Karachi,Upper Portion,11.6,4,4,16,9.6,0,1,0,116.0
Rawalpindi,House,21.5,7,6,4,0.6,1,1,1,511.1
Islamabad,Flat,10.8,4,3,9,9.6,0,1,0,143.8
Faisalabad,Lower Portion,15.1,5,5,6,0.8,0,1,0,102.9
Karachi,House,9.2,3,1,10,0.8,1,1,1,199.8
Rawalpindi,Upper Portion,17.5,5,4,5,17.7,1,1,0,152.8
Karachi,House,8.9,3,2,3,10.3,1,1,0,179.8
Karachi,Lower Portion,11.8,4,4,4,4.8,1,1,0,151.5
Rawalpindi,House,14.9,4,4,16,12.5,1,0,1,164.0
Lahore,Flat,23.3,6,6,5,27.3,1,0,0,226.4
Lahore,Flat,13.2,4,3,2,5.7,1,0,0,217.3
Multan,House,11.0,4,4,22,5.7,1,0,0,74.2
Bannu,House,10.7,4,3,13,8.4,1,0,0,78.1
Karachi,House,17.2,5,4,0,1.6,1,1,0,433.4
Lahore,House,14.4,4,3,45,1.1,0,1,0,157.1
Peshawar,Flat,15.5,6,5,9,8.6,0,1,0,150.6
Karachi,Lower Portion,20.9,6,5,1,2.5,1,1,1,295.9
Islamabad,Flat,12.4,4,3,2,0.9,1,1,1,228.1
Lahore,House,14.0,4,4,9,2.3,1,0,1,274.7
Peshawar,House,10.7,4,3,12,2.7,0,1,0,132.3
Peshawar,House,9.1,2,2,2,20.2,1,1,0,60.0
Islamabad,House,9.7,4,4,2,7.2,1,1,0,232.2
Lahore,Lower Portion,5.1,2,1,3,4.5,1,1,1,48.3
Lahore,Upper Portion,14.8,5,4,7,20.8,1,1,0,139.7
Peshawar,House,14.2,3,3,2,14.0,0,1,1,164.1
Islamabad,House,14.7,3,3,1,4.3,1,1,0,275.7
Islamabad,Flat,8.9,3,2,9,14.2,0,1,0,107.1
Faisalabad,Flat,9.8,3,3,12,3.1,1,0,0,79.9
Lahore,Flat,9.7,2,2,6,1.6,0,1,0,132.0
Peshawar,Flat,18.2,5,5,4,1.6,1,1,0,201.5
Lahore,House,13.0,4,3,5,6.5,1,1,0,216.2
Islamabad,Lower Portion,12.4,4,3,4,4.2,1,1,0,139.3
Lahore,House,16.1,5,5,26,6.5,1,0,0,203.3
Peshawar,House,9.7,4,2,12,7.0,0,1,0,108.5
Multan,Upper Portion,13.9,4,3,2,0.2,1,0,1,108.1
Faisalabad,House,24.5,7,6,4,0.3,1,1,0,384.3
Karachi,House,19.3,7,6,6,4.6,1,1,0,390.2
Peshawar,House,13.8,4,3,8,1.3,1,1,0,180.0
Lahore,Flat,12.6,4,3,5,6.0,1,1,1,211.8
Lahore,House,14.6,6,4,13,4.8,1,1,0,224.7
Multan,House,20.3,5,4,12,5.3,1,1,1,221.4
Islamabad,House,19.7,7,6,6,2.2,1,1,0,450.2
Islamabad,Upper Portion,21.7,8,6,15,6.1,1,1,0,297.8
Lahore,House,13.3,4,3,11,10.6,1,1,0,198.9
Islamabad,Flat,5.6,2,1,12,37.5,0,1,0,36.2
Lahore,House,23.8,7,6,25,10.9,1,1,0,389.9
Rawalpindi,Flat,9.1,2,1,2,4.9,1,1,0,118.4
Karachi,House,5.8,2,2,2,1.3,0,1,0,117.1
Multan,Flat,16.0,6,4,18,6.9,0,1,0,120.6
Faisalabad,Flat,5.7,3,2,12,16.7,1,1,1,35.6
Karachi,House,12.3,5,4,21,1.4,0,1,0,194.6
Lahore,Upper Portion,5.6,2,1,1,1.8,0,1,0,68.4
Karachi,Upper Portion,10.8,4,4,8,1.0,1,1,1,177.9
Rawalpindi,House,21.7,7,5,1,8.0,1,1,0,449.5
Lahore,Flat,13.9,5,4,6,3.1,1,0,0,222.0
Rawalpindi,Flat,12.2,4,3,1,0.4,1,0,1,154.1
Karachi,House,14.5,5,4,1,12.5,1,1,0,346.4
Rawalpindi,House,4.6,2,1,0,4.9,1,1,1,80.2
Karachi,Lower Portion,9.6,2,1,8,2.4,1,0,0,120.2
Lahore,Flat,10.1,2,1,4,2.5,1,0,0,117.3
Bannu,Lower Portion,15.3,5,4,1,2.1,0,1,0,88.6
Faisalabad,Flat,8.4,1,2,3,3.6,1,1,0,74.4
Islamabad,House,13.1,5,4,1,2.5,0,1,0,317.7
Multan,House,11.8,4,4,23,4.8,0,1,0,118.6
Karachi,Flat,9.8,3,3,3,8.9,1,1,1,162.1
Multan,Flat,10.0,2,2,3,6.7,0,1,1,69.2
Faisalabad,House,11.8,5,3,15,2.1,1,1,1,141.3
Karachi,Flat,6.1,3,2,8,4.5,1,1,1,83.7
Islamabad,Upper Portion,16.2,5,5,10,11.0,1,1,0,193.2
Lahore,Flat,9.1,3,2,8,0.4,0,0,1,140.6
Rawalpindi,House,11.0,4,4,23,0.5,1,1,0,171.5
Rawalpindi,House,21.4,7,6,2,4.9,1,0,0,434.9
Lahore,Lower Portion,16.3,5,4,36,6.1,1,1,1,108.9
Islamabad,Upper Portion,7.9,2,1,14,1.4,1,0,0,90.5
Faisalabad,House,4.4,2,1,7,8.2,0,1,1,47.6
Bannu,Upper Portion,14.7,6,4,9,6.2,0,1,0,56.1
Rawalpindi,House,11.2,3,2,8,15.4,1,1,0,139.9
Lahore,House,13.1,4,3,0,1.1,0,1,0,275.4
Lahore,House,16.1,4,2,2,8.4,1,1,0,342.2
Islamabad,House,17.0,6,5,26,0.5,1,1,1,381.1
Multan,Upper Portion,10.4,3,3,6,5.0,1,1,1,76.1
Islamabad,Flat,11.7,3,2,4,4.8,1,1,0,180.0
Rawalpindi,House,14.0,5,5,11,2.9,1,0,0,232.3
Lahore,Upper Portion,14.4,6,5,6,11.2,1,1,0,192.5
Rawalpindi,Upper Portion,13.1,5,4,0,0.2,1,1,1,165.3
Peshawar,House,20.4,7,5,11,4.4,1,1,0,290.3
Faisalabad,Flat,14.3,5,4,11,1.5,1,1,1,116.7
Lahore,Flat,16.0,6,5,1,8.2,1,1,0,267.3
Islamabad,Flat,13.5,4,3,25,0.3,1,1,1,149.0
Islamabad,Flat,8.4,3,3,2,10.7,1,1,0,122.8
Multan,House,9.6,3,2,5,10.9,0,1,0,89.2
Multan,House,7.8,2,2,1,10.7,1,1,0,83.9
Rawalpindi,Upper Portion,17.8,5,4,7,1.0,0,1,1,171.8
Rawalpindi,Upper Portion,6.9,3,3,4,6.0,0,0,1,67.0
Peshawar,House,11.5,4,2,3,0.2,1,1,0,186.7
Lahore,House,10.6,4,3,14,11.3,0,1,0,147.9
Multan,Upper Portion,10.5,3,2,0,7.7,1,1,1,59.3
Karachi,House,10.9,4,3,13,4.5,1,1,1,231.4
Karachi,House,22.0,6,6,7,7.9,0,1,0,413.2
Rawalpindi,House,6.0,2,1,34,0.6,0,1,0,50.2
Islamabad,House,19.4,6,4,7,4.5,1,1,0,530.7
Lahore,House,11.2,4,3,0,2.1,1,1,1,323.8
Peshawar,Flat,16.6,5,3,0,21.6,1,1,0,113.2
Islamabad,House,12.5,4,4,17,11.7,1,1,0,201.8
Rawalpindi,Lower Portion,8.1,2,1,15,7.9,1,1,0,50.6
Lahore,Lower Portion,20.1,8,7,3,16.3,1,0,0,212.0
Karachi,Lower Portion,18.9,7,6,8,2.6,1,1,0,327.4
Lahore,Upper Portion,8.3,3,2,5,13.9,1,1,0,74.9
Karachi,Flat,15.1,5,4,27,2.4,1,0,0,178.9
Peshawar,House,9.8,3,2,24,7.9,1,1,1,107.9
Lahore,House,6.9,2,3,33,8.0,1,1,1,88.9
Rawalpindi,House,9.1,3,3,16,0.2,1,1,0,149.4
Karachi,House,19.7,5,4,19,2.7,1,0,0,330.4
Peshawar,House,16.8,4,3,2,0.2,1,1,0,226.1
Bannu,Lower Portion,10.9,3,2,14,35.0,1,1,1,20.3
Peshawar,House,19.7,6,5,10,0.8,1,1,1,331.6
Lahore,House,18.3,6,6,26,4.7,1,1,1,378.3
Islamabad,Flat,9.1,4,3,7,9.4,1,1,1,138.7
Lahore,House,21.6,6,5,1,1.3,1,1,0,518.1
Rawalpindi,Lower Portion,10.6,3,2,7,4.0,1,1,0,85.5
Islamabad,House,11.1,5,4,9,5.6,1,1,0,206.1
Karachi,House,6.0,2,2,2,1.0,1,1,1,125.2
Rawalpindi,Lower Portion,9.7,4,3,4,9.0,0,0,0,83.7
Karachi,Flat,11.6,5,4,7,2.1,0,1,1,182.3
Faisalabad,House,13.6,4,4,4,1.4,1,1,1,194.6
Islamabad,Flat,8.1,2,2,4,4.9,1,1,1,113.8
Islamabad,Flat,9.2,3,1,1,3.2,0,0,0,141.3
Peshawar,House,21.8,5,4,23,15.2,1,1,0,178.4
Karachi,Upper Portion,17.9,5,3,11,12.7,1,1,1,173.7
Peshawar,Lower Portion,19.1,7,6,0,4.0,0,0,0,176.5
Karachi,Flat,11.9,4,4,12,2.7,1,1,0,204.3
Lahore,Flat,13.8,5,4,11,2.4,1,0,1,192.4
Faisalabad,Upper Portion,15.2,4,3,0,1.9,0,1,1,121.6
Faisalabad,House,21.7,6,5,4,4.7,1,1,0,303.6
Peshawar,Lower Portion,6.9,3,3,7,9.8,1,1,1,35.1
Lahore,Flat,10.0,3,2,5,2.2,0,1,0,116.5
Rawalpindi,House,13.3,4,4,12,1.3,1,1,0,250.0
Karachi,Flat,12.6,4,3,4,3.9,1,1,0,181.9
Islamabad,House,9.2,4,3,1,0.4,0,1,1,275.5
Multan,House,14.7,5,4,30,7.2,0,1,0,93.4
Islamabad,Flat,10.2,2,2,2,4.4,0,1,0,170.4
Bannu,Flat,12.2,3,2,10,4.1,0,1,0,64.0
Karachi,Flat,14.5,5,4,1,2.1,1,1,1,282.5
Lahore,House,10.4,3,2,3,14.1,1,1,0,208.5
Rawalpindi,House,16.2,5,4,5,0.6,0,1,0,245.0
Multan,Flat,17.3,6,5,2,12.2,0,0,0,151.7
Peshawar,Lower Portion,9.3,3,2,5,2.8,1,1,0,68.1
Faisalabad,Upper Portion,10.2,3,2,1,12.8,1,0,0,87.2
Peshawar,Upper Portion,8.5,3,2,7,7.8,1,1,1,52.8
Peshawar,House,12.1,4,2,9,0.7,0,1,0,135.2
Faisalabad,Upper Portion,13.6,5,4,1,10.7,1,1,1,116.8
Lahore,House,10.7,3,3,16,6.9,1,1,0,167.9
Karachi,House,13.5,5,4,2,0.2,0,1,0,309.1
Lahore,House,10.1,4,4,2,0.9,1,1,0,256.1
Bannu,Upper Portion,10.2,2,1,9,6.1,1,1,0,41.6
Bannu,House,13.9,4,2,5,6.5,0,1,1,101.7
Islamabad,House,10.4,4,3,6,8.2,1,1,1,255.9
Peshawar,House,11.9,5,4,1,7.6,1,1,0,170.8
Multan,Flat,14.1,4,3,13,6.5,1,0,0,98.9
Lahore,Upper Portion,13.4,4,3,8,8.7,1,1,0,138.9
Rawalpindi,House,5.1,2,1,1,5.1,1,1,0,68.7
Multan,House,10.1,4,2,4,1.8,1,1,1,137.6
Islamabad,House,18.0,5,4,13,14.6,1,1,1,335.8
Peshawar,House,6.8,1,1,7,0.2,1,0,0,68.5
Lahore,House,4.2,1,1,1,2.7,0,1,0,62.4
Multan,House,15.0,5,4,4,7.8,1,1,0,184.1
Bannu,Flat,13.3,4,4,2,3.3,1,1,1,93.1
Bannu,House,8.1,3,3,6,0.2,1,1,0,54.0
Karachi,Upper Portion,12.7,3,3,15,0.4,1,1,0,126.3
Multan,Lower Portion,9.6,2,1,5,6.3,1,1,0,50.5
Faisalabad,House,14.6,4,4,5,20.1,0,1,0,127.6
Lahore,House,4.4,1,2,19,4.8,1,0,0,59.5
Faisalabad,Flat,11.1,3,2,7,4.2,1,1,1,94.6
Islamabad,House,10.0,2,2,7,2.3,1,1,1,183.4
Rawalpindi,House,16.2,4,3,2,1.8,1,1,0,259.9
Lahore,House,6.1,2,1,7,0.2,1,1,0,128.6
Islamabad,Upper Portion,12.4,5,4,7,1.9,1,1,0,207.7
Islamabad,Flat,14.9,6,6,4,3.6,1,0,1,336.6
Peshawar,House,23.3,8,6,37,1.3,0,0,0,226.1
Karachi,House,10.2,3,2,17,0.5,1,1,1,218.7
Peshawar,House,13.7,3,2,11,7.6,1,1,1,134.1
Islamabad,House,6.2,2,1,6,13.5,1,1,0,106.4
Lahore,House,12.1,4,3,5,16.6,1,1,0,170.0
Rawalpindi,Upper Portion,18.5,6,5,2,5.8,0,1,1,184.5
Faisalabad,House,23.4,6,5,3,0.3,1,1,0,368.7
Lahore,House,14.2,4,2,12,8.1,1,1,0,265.7
Rawalpindi,House,6.8,2,2,5,0.7,1,1,0,105.6
Multan,House,19.7,6,5,17,6.6,1,1,0,250.4
Rawalpindi,Lower Portion,6.8,3,3,1,9.1,0,1,1,60.2
Lahore,House,7.8,3,2,6,7.8,0,1,0,119.1
Islamabad,House,20.4,7,5,8,18.2,0,1,0,339.4
Multan,House,11.8,4,3,6,8.0,0,0,1,139.0
Islamabad,House,9.8,4,4,18,7.1,1,1,0,188.1
Multan,Lower Portion,15.7,5,4,36,1.8,0,1,1,72.7
Rawalpindi,House,12.9,4,4,1,15.5,1,1,0,129.1
Bannu,House,17.9,5,4,1,1.2,1,1,0,187.1
Faisalabad,House,13.1,4,3,1,14.1,1,1,0,133.6
Bannu,Flat,13.3,4,3,9,2.2,0,1,1,71.2
Karachi,Flat,17.6,6,5,4,0.8,1,0,1,351.8
Faisalabad,Flat,11.8,4,3,11,10.5,1,1,0,102.1
Karachi,House,8.7,4,2,4,0.2,1,1,1,266.5
Karachi,Upper Portion,16.0,5,4,8,10.7,1,0,1,201.8
Rawalpindi,House,10.9,3,3,12,1.8,0,1,0,144.1
Multan,House,13.5,5,3,6,13.0,0,1,0,118.5
Bannu,Flat,5.8,1,1,6,7.1,1,0,0,32.6
Faisalabad,House,11.6,3,3,1,6.6,1,1,0,122.5
Karachi,House,10.0,3,2,4,2.7,1,1,0,226.8
Karachi,House,5.8,2,1,6,0.4,1,1,0,120.0
Peshawar,House,11.7,3,2,5,10.6,1,1,0,131.0
Lahore,House,11.9,3,2,18,1.1,1,1,0,160.6
Islamabad,Flat,13.9,4,3,19,2.8,0,1,0,184.5
Karachi,House,18.4,5,4,14,5.5,1,0,0,294.3
Lahore,Flat,17.3,6,4,4,3.9,0,1,0,259.5
Lahore,Upper Portion,10.3,4,2,10,1.3,1,1,0,132.2
Lahore,House,13.0,4,3,4,0.9,1,1,1,341.2
Islamabad,House,14.6,4,3,2,0.8,1,0,0,368.1
Islamabad,Upper Portion,10.4,2,2,3,11.9,1,1,0,109.4
Bannu,Flat,7.0,3,3,1,0.2,1,1,0,58.5
Karachi,House,11.3,4,3,3,22.6,1,1,0,164.7
Karachi,House,18.7,5,4,5,1.3,1,1,1,412.7
Peshawar,Flat,6.9,3,2,25,0.7,1,1,0,53.9
Lahore,Flat,8.4,3,3,3,5.2,1,0,0,127.3
Bannu,Flat,9.0,3,2,19,0.5,1,1,0,44.7
Faisalabad,Flat,8.5,3,2,2,5.5,0,1,0,72.0
Islamabad,Flat,15.7,4,3,2,11.4,0,1,0,250.8
Karachi,House,9.6,3,3,6,0.3,0,1,0,205.7
Multan,Flat,15.9,5,3,9,9.7,1,1,0,130.3
Bannu,Lower Portion,12.4,4,2,0,3.0,1,1,1,62.1
Karachi,House,6.3,2,1,2,1.0,1,1,0,139.3
Rawalpindi,Flat,10.4,5,4,5,1.2,1,1,0,144.8
Lahore,House,17.5,5,4,3,15.1,1,1,0,300.8
Bannu,House,12.9,3,3,10,0.7,0,1,1,104.6
Lahore,Lower Portion,10.7,2,2,6,12.1,0,0,0,85.0
Bannu,House,18.8,6,5,1,4.7,1,1,0,158.4
Peshawar,House,8.1,2,1,18,0.2,1,1,0,75.9
Rawalpindi,House,9.7,3,2,3,3.7,0,1,0,150.1
Rawalpindi,House,16.8,5,5,11,10.2,1,1,0,213.1
Lahore,Flat,15.6,4,3,12,7.8,1,1,1,199.4
Lahore,House,7.9,1,1,26,4.0,1,1,0,127.8
Lahore,House,14.5,5,4,6,11.8,0,1,1,236.0
Lahore,House,9.6,3,2,8,0.8,1,1,0,176.5
Faisalabad,House,5.7,1,1,3,14.4,1,0,1,47.1
Karachi,Flat,10.8,2,2,9,11.2,1,1,0,132.0
Islamabad,Flat,24.0,8,6,5,7.4,1,1,0,439.0
Bannu,House,17.6,6,4,5,10.2,1,1,1,155.9
Multan,House,12.0,4,3,15,4.7,1,1,0,109.7
Multan,Flat,6.7,2,1,0,6.7,0,1,1,59.3
Bannu,House,5.7,2,2,17,4.9,0,1,0,36.0
Lahore,House,12.4,3,3,15,2.6,1,1,1,202.0
Karachi,Flat,14.1,5,5,6,5.0,1,1,0,268.3
Peshawar,House,15.8,5,4,5,1.8,1,0,1,206.7
Peshawar,House,15.1,3,3,4,3.5,1,1,0,157.8
Lahore,House,15.6,5,4,41,2.0,0,0,0,173.6
Faisalabad,House,13.5,5,4,1,0.8,0,1,1,242.4
Lahore,House,18.7,6,4,7,2.3,1,1,1,345.2
Lahore,Lower Portion,10.0,3,2,9,11.5,1,1,0,73.6
Rawalpindi,House,12.3,3,2,22,2.9,1,1,0,167.3
Rawalpindi,Flat,6.4,2,2,12,8.3,1,0,0,55.1
Rawalpindi,Upper Portion,9.9,3,2,8,1.2,1,1,0,100.4
Islamabad,Flat,17.4,4,3,1,3.3,1,1,0,289.4
Multan,Flat,15.4,5,4,4,0.7,1,1,1,163.6
Lahore,Flat,5.1,2,1,1,0.9,1,1,0,91.1
Islamabad,House,24.7,7,6,17,5.8,0,1,0,459.6
Multan,Upper Portion,12.9,5,4,11,5.6,1,1,1,102.2
Bannu,House,13.0,4,4,11,1.4,1,1,0,120.8
Multan,Upper Portion,9.7,3,2,8,3.9,1,1,0,50.2
Faisalabad,Flat,10.5,3,2,6,11.9,0,1,1,84.6
Peshawar,Upper Portion,12.8,4,3,1,1.1,0,1,1,112.2
Rawalpindi,House,15.1,5,4,3,0.2,1,0,1,302.9
Islamabad,Upper Portion,13.7,4,3,1,6.3,1,1,1,212.8
Karachi,House,10.0,3,3,10,0.3,1,1,0,199.4
Karachi,Flat,8.7,2,1,1,23.5,1,1,0,91.3
Lahore,House,8.5,2,1,10,5.6,1,1,1,150.9
Peshawar,Flat,17.9,5,4,9,3.8,1,1,0,193.1
Karachi,Flat,17.1,7,5,5,3.4,1,1,0,267.9
Islamabad,House,14.5,5,4,1,5.1,0,1,1,430.4
Lahore,House,17.9,6,5,3,0.6,0,0,1,374.2
Peshawar,House,11.6,3,2,3,16.0,1,1,0,128.7
Islamabad,Flat,16.5,6,5,10,5.9,0,1,1,299.6
Multan,Flat,14.8,5,4,1,1.2,1,1,1,134.8
Karachi,House,16.7,5,3,14,5.0,1,1,1,369.1
Karachi,House,8.2,2,1,11,0.9,0,1,1,136.2
Rawalpindi,Flat,4.9,2,1,2,0.2,1,1,0,67.0
Faisalabad,House,13.4,4,3,10,6.0,1,1,1,145.2
Karachi,Lower Portion,10.7,3,4,9,6.3,0,1,0,90.8
Peshawar,House,5.4,2,2,11,5.3,1,1,1,72.5
Rawalpindi,House,19.0,5,3,2,1.2,1,1,1,384.9
Lahore,House,17.1,6,4,1,5.5,1,1,0,431.5
Multan,House,13.8,5,4,2,0.3,1,1,0,167.9
Faisalabad,House,8.9,2,2,4,5.6,1,1,0,75.7
Peshawar,House,6.3,1,1,13,4.8,1,1,1,78.5
Multan,House,5.4,2,2,11,6.4,0,1,1,50.8
Multan,Flat,9.9,3,2,21,13.6,1,1,0,57.8
Peshawar,Flat,15.7,5,3,0,11.4,1,0,0,156.2
Faisalabad,House,10.7,4,3,0,23.7,1,1,1,97.9
Peshawar,Flat,14.6,6,5,10,22.4,1,1,0,109.4
Peshawar,Lower Portion,14.9,4,4,3,8.9,0,1,0,117.9
Rawalpindi,Lower Portion,15.6,4,3,3,18.8,1,1,0,111.6
Peshawar,Upper Portion,5.9,2,1,6,12.1,1,0,1,40.0
Lahore,Upper Portion,9.2,4,4,1,7.8,1,1,1,91.7
Multan,House,14.5,5,4,8,0.5,1,1,0,206.1
Multan,House,20.7,6,5,3,0.3,1,1,0,240.4
Islamabad,House,18.4,6,4,8,10.9,1,0,0,436.7
Faisalabad,Flat,13.6,3,2,14,4.0,1,1,1,115.9
Islamabad,Upper Portion,19.1,6,5,2,10.1,1,1,0,277.7
Karachi,House,13.5,3,4,21,2.3,1,1,0,235.4
Peshawar,House,6.8,2,2,6,3.0,1,1,0,78.1
Lahore,Flat,15.5,4,3,21,7.2,1,1,1,170.2
Faisalabad,House,18.6,6,4,2,14.8,1,1,0,211.0
Faisalabad,House,23.2,7,5,7,0.6,1,1,0,432.9
Karachi,House,9.8,3,3,4,11.9,1,1,1,223.4
Islamabad,Lower Portion,7.9,2,1,12,9.5,1,1,1,70.0
Lahore,House,16.5,4,4,7,2.3,1,1,0,355.7
Rawalpindi,House,14.2,5,4,5,2.6,0,1,0,247.7
Bannu,House,13.7,4,3,20,0.3,0,1,0,95.6
Rawalpindi,House,19.2,5,4,4,0.2,1,0,0,312.2
Lahore,House,16.5,7,5,2,3.9,1,1,0,427.3
Rawalpindi,House,14.7,5,4,7,0.6,0,1,0,280.8
Rawalpindi,House,10.2,3,3,8,1.3,1,1,0,148.3
Faisalabad,House,16.0,6,5,5,11.3,1,0,1,249.9
Islamabad,Flat,7.8,4,4,5,5.1,1,1,0,162.1
Faisalabad,House,13.5,4,4,26,6.0,0,1,0,122.9
Rawalpindi,Upper Portion,12.0,4,3,11,1.2,0,1,0,93.9
Bannu,House,6.7,1,2,1,10.6,1,1,0,50.1
Karachi,House,14.2,4,3,2,12.1,0,1,0,274.7
Rawalpindi,Upper Portion,9.8,3,3,30,4.4,1,0,1,69.9
Bannu,House,14.1,5,3,10,14.6,0,1,0,111.9
Islamabad,House,8.5,3,2,20,11.2,1,0,1,133.5
Bannu,House,16.6,6,4,3,7.9,1,0,0,184.5
Peshawar,Upper Portion,22.0,7,6,11,7.9,1,1,0,186.7
Islamabad,Upper Portion,7.8,2,1,10,0.7,0,1,0,86.6
Lahore,House,8.5,2,1,3,1.9,1,1,0,207.2
Peshawar,Flat,7.3,2,1,6,0.4,1,1,1,76.5
Islamabad,House,11.2,3,2,8,0.2,0,0,1,230.6
Rawalpindi,Upper Portion,14.0,5,4,5,1.0,1,1,0,157.5
Karachi,House,15.6,4,4,14,12.7,1,1,0,285.7
Rawalpindi,Upper Portion,13.4,4,3,14,1.6,1,1,0,120.9
Islamabad,House,15.4,5,4,15,21.1,0,1,1,247.2
Multan,House,11.9,4,4,13,5.5,0,1,0,106.8
Bannu,House,9.8,3,2,5,1.6,1,1,0,66.3
Bannu,Flat,8.6,3,2,4,4.1,1,1,0,53.9
Peshawar,Flat,11.4,4,3,14,1.5,1,0,0,101.4
Islamabad,House,8.6,3,2,5,24.8,1,1,0,133.1
Peshawar,Flat,13.8,5,4,2,11.3,1,1,0,122.6
Islamabad,Flat,8.7,2,2,6,0.2,0,0,0,111.3
Islamabad,Flat,10.1,3,2,1,17.7,1,1,0,119.8
Lahore,House,17.9,6,6,9,7.7,0,1,0,403.1
Karachi,House,18.6,6,5,3,0.5,1,1,0,454.4
Faisalabad,House,18.3,7,4,2,6.7,0,0,0,222.6
Peshawar,House,11.9,3,3,25,6.2,0,1,0,98.7
Karachi,Flat,9.9,4,2,12,1.5,1,1,0,137.7
Lahore,Flat,14.6,4,3,12,8.5,1,0,0,167.2
Bannu,Flat,8.8,4,3,8,0.5,0,0,0,48.2
Karachi,House,15.9,6,4,15,4.0,1,1,0,386.8
Karachi,Flat,9.6,2,1,11,0.2,1,1,0,145.9
Lahore,House,11.2,4,3,7,20.8,0,1,0,177.6
Faisalabad,Lower Portion,16.1,5,3,26,8.4,0,1,0,86.0
Peshawar,House,6.2,2,2,2,1.0,1,1,1,60.6
Lahore,Flat,9.7,3,4,23,2.5,1,1,0,120.3
Islamabad,Flat,13.9,4,3,4,1.1,1,1,1,252.7
Peshawar,Upper Portion,15.0,6,5,6,8.7,1,0,1,141.1
Peshawar,House,14.1,4,2,1,0.4,1,1,0,181.3
Lahore,House,11.2,4,3,6,11.0,1,1,1,184.6
Bannu,House,16.7,5,4,8,17.1,1,0,0,94.4
Lahore,House,8.5,4,4,45,6.8,1,1,0,79.9
Karachi,Flat,8.4,2,2,30,1.4,1,1,0,97.6
Bannu,Lower Portion,13.9,4,4,27,2.7,1,1,0,51.7
Karachi,House,8.2,4,4,3,3.9,0,1,0,153.4
Rawalpindi,Flat,22.3,7,6,38,5.6,1,1,0,236.5
Karachi,Upper Portion,9.8,4,3,5,6.6,1,1,0,132.1
Lahore,House,16.6,6,4,15,4.8,1,1,0,348.2
Bannu,House,7.7,2,1,2,2.6,1,1,0,72.2
Karachi,Upper Portion,20.4,5,4,6,13.3,1,0,0,185.5
Multan,Upper Portion,12.2,4,3,27,0.5,1,1,1,60.9
Lahore,House,9.7,3,2,24,3.8,1,1,0,154.4
Lahore,House,10.9,4,3,9,9.0,1,1,0,174.5
Islamabad,House,9.2,4,4,13,0.4,1,1,0,201.4
Peshawar,Flat,11.2,3,2,2,7.3,1,1,1,106.3
Karachi,House,7.8,3,2,10,10.3,1,0,0,110.3
Multan,House,9.9,4,4,8,6.5,1,1,1,110.5
Karachi,Flat,16.4,6,4,1,0.2,1,1,0,363.5
Bannu,Flat,13.1,4,3,1,1.2,0,1,0,97.2
Lahore,Upper Portion,8.4,1,1,1,2.5,1,0,1,108.8
Multan,House,11.3,3,2,10,1.6,1,1,1,142.2
Faisalabad,House,18.6,5,4,1,19.7,1,1,0,201.2
Faisalabad,Upper Portion,10.3,3,3,5,6.3,1,1,0,73.6
Faisalabad,Flat,8.1,3,2,4,2.1,1,1,1,80.1
Faisalabad,Upper Portion,14.8,5,4,6,15.9,1,1,0,86.0
Rawalpindi,Lower Portion,5.5,3,2,10,8.1,1,1,0,36.3
Islamabad,Upper Portion,11.0,4,3,9,2.0,1,1,0,137.5
Islamabad,House,19.3,5,4,6,2.9,0,1,0,437.8
Multan,House,11.2,2,1,5,1.3,1,1,1,116.4
Rawalpindi,Flat,17.1,5,4,4,21.3,0,0,0,161.9
Faisalabad,Flat,8.1,2,2,16,4.4,1,1,1,62.9
Karachi,House,11.1,3,2,3,13.6,1,1,0,204.2
Islamabad,Flat,10.7,2,2,2,2.6,1,0,0,181.2
Islamabad,House,14.5,4,3,11,11.8,0,1,0,296.0
Peshawar,Flat,12.5,4,4,4,0.3,1,1,1,142.7
Karachi,House,20.3,7,6,15,24.1,1,1,1,371.0
Lahore,House,10.1,3,2,3,14.6,1,1,1,184.7
Karachi,Upper Portion,12.4,5,4,10,2.7,1,1,0,186.6
Islamabad,House,10.8,3,3,0,8.9,1,1,1,300.0
Rawalpindi,House,12.1,4,4,4,8.4,1,1,1,221.4
Lahore,House,11.7,4,4,3,13.9,1,1,0,213.4
Faisalabad,Upper Portion,8.7,3,3,14,2.2,1,1,0,57.2
Lahore,Upper Portion,16.1,5,3,27,3.8,1,1,0,138.2
Karachi,Lower Portion,9.5,4,4,5,12.0,1,0,0,92.9
Islamabad,Upper Portion,9.3,3,2,14,9.0,1,1,1,116.2
Islamabad,Flat,6.8,2,2,10,3.0,0,1,0,85.8
Karachi,House,10.0,3,3,27,11.2,1,0,0,154.9
Karachi,House,9.4,3,2,13,0.3,1,1,0,179.2
Rawalpindi,House,4.3,2,2,1,9.1,1,1,0,84.1
Lahore,Flat,5.8,1,1,10,1.4,0,0,1,65.6
Peshawar,Flat,11.2,3,3,6,2.0,1,1,0,111.0
Multan,House,19.9,6,4,0,4.1,1,0,0,250.5
Faisalabad,House,7.2,2,1,2,3.6,1,0,1,76.0
Islamabad,House,12.0,5,3,20,4.4,0,0,1,255.7
Karachi,House,11.1,4,4,21,4.7,1,1,0,169.2
Islamabad,Flat,15.3,5,3,13,2.4,1,1,0,232.9
Lahore,Flat,15.7,5,4,32,1.2,1,1,0,186.3
Bannu,Flat,25.6,8,6,13,8.8,1,1,1,197.1
Islamabad,House,13.3,4,3,0,3.1,1,1,1,294.1
Karachi,Lower Portion,9.0,2,2,3,4.2,0,0,0,98.5
Rawalpindi,House,9.9,3,3,0,6.2,1,1,0,166.1
Peshawar,House,10.2,2,2,1,14.4,1,0,0,91.2
Rawalpindi,Flat,9.6,4,4,2,7.4,1,0,0,106.5
Islamabad,House,21.9,7,6,6,0.3,0,1,0,457.0
Lahore,House,15.4,5,5,15,10.9,1,1,0,319.2
Rawalpindi,House,6.6,3,2,16,27.3,0,1,0,59.7
Islamabad,Flat,14.5,5,5,8,3.8,1,1,1,237.9
Karachi,Upper Portion,8.2,2,2,21,21.0,0,1,0,58.7
Islamabad,Flat,15.6,5,5,6,4.8,1,1,1,285.2
Islamabad,Flat,18.1,5,4,18,3.7,0,1,0,296.5
Karachi,House,11.2,2,2,5,2.4,1,1,1,225.4
Islamabad,House,9.8,3,3,3,6.4,1,1,0,207.0
Rawalpindi,House,20.5,6,4,20,1.6,1,1,0,304.4
Peshawar,Upper Portion,9.4,3,3,4,0.7,1,0,0,67.8
Faisalabad,House,9.0,2,2,6,0.2,1,1,0,122.8
Lahore,Lower Portion,8.5,3,3,3,2.1,0,1,1,108.3
Lahore,House,11.8,4,3,9,3.0,0,1,0,222.8
Islamabad,Flat,13.3,4,3,42,4.8,1,1,0,135.3
Rawalpindi,Lower Portion,17.1,6,4,0,2.1,1,0,0,147.6
Peshawar,House,14.7,4,3,18,24.8,1,1,1,96.5
Islamabad,Flat,14.7,5,4,0,2.1,0,0,0,291.4
Bannu,House,19.2,6,5,4,3.5,1,1,0,209.3
Islamabad,House,8.4,2,2,1,0.7,1,1,1,214.0
Rawalpindi,House,7.1,3,2,11,1.8,1,1,0,82.2
Peshawar,Upper Portion,15.0,6,5,0,0.3,1,0,0,126.4
Multan,House,11.6,4,4,6,4.9,1,0,0,137.1
Peshawar,House,17.2,6,5,3,8.3,1,1,0,312.0
Faisalabad,Lower Portion,12.0,3,3,1,1.3,0,1,0,94.0
Karachi,House,9.7,2,2,12,2.8,1,1,0,211.0
Faisalabad,House,15.1,6,4,2,0.2,1,0,1,241.1
Islamabad,Lower Portion,12.5,5,3,2,11.0,0,1,1,159.8
Multan,House,12.0,5,4,3,9.1,0,0,1,119.7
Rawalpindi,House,27.6,8,6,7,0.4,0,1,0,620.0
Faisalabad,Upper Portion,18.6,5,4,9,2.7,1,1,0,140.3
Karachi,House,15.8,4,4,0,18.6,0,1,1,314.7
Peshawar,House,12.7,3,3,2,3.0,1,1,0,169.5
Rawalpindi,House,12.3,4,4,5,4.5,1,1,1,229.1
Peshawar,Flat,10.9,5,4,3,2.6,1,1,0,117.6
Islamabad,House,13.1,4,3,17,5.4,1,1,1,273.7
Islamabad,House,10.1,3,2,12,22.9,1,1,1,166.0
Lahore,House,7.8,3,2,8,36.0,0,1,0,56.6
Lahore,House,11.9,3,3,3,8.9,1,1,0,180.8
Multan,Flat,13.5,6,5,10,3.1,1,0,0,128.3
Lahore,House,17.2,7,6,15,4.1,1,0,0,413.7
Bannu,Flat,9.1,3,3,7,2.6,1,1,0,68.7
Karachi,House,12.3,3,1,12,25.4,0,1,0,118.8
Lahore,House,14.7,5,4,11,7.4,1,1,0,263.7
Faisalabad,House,14.6,4,3,7,3.6,0,1,0,138.3
Peshawar,House,21.4,6,5,3,0.2,0,1,0,304.7
Karachi,House,10.9,4,3,11,4.4,1,1,0,246.8
Rawalpindi,Flat,8.8,4,4,2,24.8,1,1,0,78.3
Peshawar,Flat,12.6,4,3,12,4.4,1,1,1,112.9
Lahore,House,11.1,3,3,13,1.2,1,1,1,230.4
Bannu,Flat,10.5,2,1,14,0.2,1,0,0,49.7
Bannu,Lower Portion,10.0,3,3,5,2.6,1,1,0,56.2
Peshawar,House,13.6,4,3,2,15.0,1,1,1,161.1
Lahore,House,9.5,3,2,1,34.0,1,1,0,94.4
Peshawar,Flat,15.8,6,4,11,17.4,0,1,0,125.6
Islamabad,House,15.5,5,4,17,7.8,1,1,0,338.1
Islamabad,Flat,14.0,5,5,8,4.9,1,1,0,300.3
Lahore,Lower Portion,8.4,2,2,1,5.4,1,0,0,82.6
Karachi,House,13.3,4,3,22,4.6,1,1,1,268.6
Multan,Upper Portion,17.6,6,5,36,7.4,1,1,0,80.0
Peshawar,House,16.2,5,5,5,3.3,0,1,1,218.4
Peshawar,House,15.4,6,5,7,6.6,1,1,0,191.8
Karachi,House,12.3,4,3,12,0.8,0,1,1,224.5
Karachi,House,12.1,5,4,11,1.9,1,1,0,243.4
Karachi,House,18.7,6,5,27,10.8,1,0,0,323.5
Bannu,House,13.5,5,4,1,14.0,1,1,1,126.7
Islamabad,Flat,13.5,4,3,7,4.6,1,1,1,204.4
Multan,House,30.9,8,6,9,0.2,1,1,0,351.3
Rawalpindi,House,10.9,4,4,18,15.7,1,1,1,116.4
Karachi,House,5.6,3,2,17,7.3,1,1,0,83.2
Peshawar,House,11.4,4,3,31,3.2,1,1,1,102.8
Karachi,House,11.7,4,3,6,5.5,1,0,1,288.0
Multan,Flat,13.4,5,4,14,3.4,1,1,0,103.5
Multan,House,14.5,3,3,4,3.8,1,1,0,198.4
Karachi,Flat,5.9,1,1,4,13.1,1,1,0,56.4
Lahore,House,14.6,5,4,2,1.1,1,1,1,347.8
Rawalpindi,Flat,11.9,4,3,14,0.7,1,1,0,151.8
Multan,House,11.0,4,4,34,0.2,1,1,0,96.5
Lahore,House,6.7,2,1,2,2.3,1,1,0,122.5
Rawalpindi,Flat,20.2,7,6,0,1.0,1,1,1,399.7
Rawalpindi,House,10.4,3,3,14,1.5,1,0,0,164.2
Peshawar,Upper Portion,15.5,5,5,8,0.2,0,1,1,125.2
Islamabad,Flat,9.0,4,3,26,1.5,1,1,1,131.0
Peshawar,House,13.6,5,5,2,2.4,1,1,0,223.6
Multan,Upper Portion,11.1,5,4,1,0.2,1,1,0,84.8
Lahore,Upper Portion,15.3,5,3,5,5.6,1,1,1,239.5
Lahore,House,11.0,4,3,1,5.0,1,1,0,207.6
Bannu,House,8.9,2,1,2,0.6,1,1,1,80.4
Lahore,Flat,12.1,3,3,1,5.4,1,0,1,159.8
Multan,House,11.9,4,3,2,39.7,1,1,0,62.5
Karachi,House,13.3,5,4,1,17.3,1,1,0,221.8
Lahore,Flat,17.0,5,4,25,0.2,1,1,0,209.6
Multan,Flat,8.2,3,3,3,9.5,0,1,0,49.7
Karachi,Flat,16.6,5,3,5,2.6,1,1,0,313.8
Rawalpindi,Flat,7.8,2,1,18,0.4,1,1,0,78.9
Karachi,House,15.1,5,4,9,2.1,1,1,0,385.8
Rawalpindi,House,15.2,4,4,8,2.3,1,1,0,246.4
Lahore,Flat,10.2,3,2,10,4.4,1,1,0,154.0
Karachi,House,9.2,2,2,14,6.5,0,1,1,156.2
Bannu,Flat,9.0,3,3,17,8.3,1,0,0,44.0
Lahore,House,12.5,4,4,8,1.7,1,1,0,325.9
Peshawar,House,15.6,5,4,18,2.3,0,0,1,171.0
Lahore,Flat,11.5,4,3,6,2.2,1,1,0,204.0
Faisalabad,House,5.5,2,1,3,2.7,1,1,1,70.0
Islamabad,House,10.0,3,2,17,40.0,1,1,0,73.1
Bannu,House,9.9,4,4,6,9.0,1,1,1,71.7
Karachi,House,14.5,5,3,19,22.1,0,1,0,158.9
Lahore,House,14.8,4,4,0,7.1,1,0,1,364.9
Islamabad,House,12.9,4,3,4,3.1,1,1,1,393.5
Lahore,Flat,16.7,5,4,24,3.0,1,1,0,210.4
Rawalpindi,Upper Portion,17.1,6,5,2,4.0,1,0,0,197.8
Karachi,House,10.2,4,3,23,3.2,1,1,1,200.4
Faisalabad,House,8.9,4,3,25,10.6,0,1,0,70.2
Karachi,Flat,11.8,3,2,17,3.8,1,1,1,184.4
Lahore,Upper Portion,12.8,4,4,7,2.1,1,1,0,166.5
Rawalpindi,House,10.0,4,3,8,8.9,0,0,1,147.1
Peshawar,House,34.1,8,6,16,11.6,1,1,0,379.6
Lahore,House,19.7,7,6,12,3.3,1,0,0,378.8
Lahore,House,9.7,3,3,8,6.6,0,1,0,103.6
Islamabad,Flat,8.3,2,1,32,0.4,0,1,0,96.3
Peshawar,Lower Portion,9.4,2,2,9,4.5,1,1,0,56.5
Peshawar,Flat,17.2,6,5,30,0.3,1,1,0,130.4
Karachi,Lower Portion,17.4,6,5,0,0.2,1,1,0,202.8
Faisalabad,House,19.8,5,5,1,5.7,1,1,1,266.5
Faisalabad,Upper Portion,8.8,3,3,5,2.2,1,1,0,58.7
Rawalpindi,House,14.5,5,3,4,8.1,1,1,1,226.8
Multan,House,9.1,2,1,12,13.6,0,1,0,70.9
Lahore,Flat,21.5,7,5,1,0.9,1,1,0,426.5
Islamabad,House,8.9,3,2,30,7.7,0,1,0,98.9
Lahore,House,7.7,3,1,3,4.3,1,1,0,122.8
Islamabad,Flat,8.2,2,1,4,0.7,1,0,0,109.6
Rawalpindi,House,12.1,3,2,3,6.3,0,1,0,216.9
Bannu,Flat,15.5,5,4,7,5.6,1,1,0,120.3
Islamabad,House,15.2,5,4,0,4.3,1,1,0,356.0
Islamabad,Flat,8.3,2,2,1,15.7,1,1,0,85.3
Karachi,House,10.6,3,2,11,4.4,0,1,0,192.0
Bannu,House,10.1,3,2,2,27.9,1,0,0,51.7
Lahore,House,7.9,2,2,2,4.3,1,1,0,155.8
Karachi,Flat,10.0,3,3,13,0.7,1,1,0,162.0
Islamabad,Flat,19.5,5,4,1,3.8,0,1,0,381.7
Islamabad,House,7.6,3,2,5,1.2,1,1,0,149.8
Bannu,House,13.1,4,2,0,5.5,1,0,0,115.8
Bannu,House,19.7,7,5,3,7.1,1,1,0,214.5
Islamabad,Flat,19.3,5,4,10,3.8,0,1,0,291.6
Bannu,House,21.9,6,5,1,0.6,1,1,1,261.4
Rawalpindi,House,13.6,5,4,18,3.8,0,1,0,179.4
Multan,Flat,14.3,5,4,19,0.5,1,1,0,142.1
Karachi,Upper Portion,10.1,2,2,1,6.9,1,1,0,100.6
Rawalpindi,House,7.5,1,1,37,9.4,0,1,0,62.1
Karachi,House,11.5,5,4,3,19.7,1,1,1,173.2
Peshawar,Flat,18.0,7,6,1,1.0,0,1,1,284.5
Islamabad,Flat,5.4,1,1,0,4.6,1,1,0,72.4
Islamabad,House,10.3,3,2,4,5.0,0,1,1,230.8
Lahore,House,14.8,6,5,8,15.3,0,1,0,204.5
Peshawar,House,12.2,3,3,3,5.9,1,1,0,128.1
Lahore,Flat,18.9,6,4,14,0.9,1,1,0,325.0
Peshawar,Flat,17.3,5,4,10,3.4,0,1,0,181.9
Bannu,House,7.2,1,2,3,6.4,0,0,1,54.3
Islamabad,House,12.5,3,3,11,7.2,0,1,1,269.6
Peshawar,House,9.3,4,4,23,11.9,1,0,0,91.7
Karachi,Upper Portion,9.2,2,2,1,1.2,1,1,0,109.6
Multan,House,7.4,2,2,3,18.2,1,1,0,51.3
Lahore,House,13.3,5,3,5,0.4,1,1,1,312.7
Peshawar,Flat,19.0,5,3,6,24.7,0,0,0,109.4
Faisalabad,Upper Portion,13.7,4,3,6,11.7,1,1,0,91.8
Bannu,Flat,7.2,3,1,3,6.5,0,1,0,42.9
Peshawar,House,11.9,4,4,9,8.0,1,0,1,134.0
Karachi,Upper Portion,14.6,4,4,8,0.5,1,1,1,228.7
Rawalpindi,Flat,11.6,4,3,7,0.3,1,1,0,161.6
Multan,Flat,13.6,5,4,1,0.6,0,1,0,144.1
Rawalpindi,House,9.5,3,2,5,0.5,0,1,1,150.7
Islamabad,House,11.1,3,2,4,4.8,1,1,1,280.4
Bannu,Flat,10.9,3,2,5,1.5,1,1,0,73.8
Peshawar,Lower Portion,20.4,7,6,20,11.8,0,0,0,123.3
Peshawar,Flat,8.3,2,2,5,3.5,0,1,1,89.9
Lahore,Upper Portion,5.6,2,2,0,7.1,1,1,1,68.8
Peshawar,House,19.9,5,4,5,6.3,1,1,1,261.1
Karachi,House,12.7,3,2,14,2.3,1,0,0,198.4
Peshawar,Flat,7.8,3,3,12,1.7,1,1,1,83.8
Islamabad,Flat,16.8,5,3,6,2.5,1,1,0,318.7
Peshawar,Flat,14.9,4,3,2,9.6,0,1,1,167.2
Bannu,Lower Portion,21.6,6,5,5,5.3,1,1,0,86.3
Islamabad,House,13.1,4,3,7,1.8,0,1,0,324.1
Bannu,House,27.7,8,7,45,10.2,0,1,0,123.8
Karachi,Upper Portion,11.7,4,3,8,0.3,0,1,1,150.2
Multan,House,15.0,5,4,9,7.2,1,1,0,151.2
Faisalabad,Flat,15.7,5,4,5,3.5,1,1,0,172.4
Rawalpindi,Upper Portion,34.5,8,6,4,7.9,1,1,1,459.7
Peshawar,House,10.4,2,1,13,15.7,1,1,0,75.2
Multan,Upper Portion,10.3,4,4,5,8.3,1,1,0,69.9
Karachi,House,15.9,4,3,42,3.5,1,0,1,205.3
Lahore,Flat,7.6,2,2,5,1.0,1,1,0,112.2
Peshawar,House,9.2,2,1,1,9.9,1,1,1,120.9
Faisalabad,Flat,11.5,4,3,9,3.7,0,1,0,93.2
Faisalabad,Flat,21.4,7,6,0,0.5,1,1,1,205.3
Faisalabad,House,15.9,5,4,2,7.6,0,1,1,210.3
Karachi,Flat,12.5,3,3,3,2.1,1,1,0,212.6
Faisalabad,Lower Portion,10.1,3,3,11,0.3,1,1,1,71.1
Islamabad,Flat,24.7,7,7,5,14.0,1,1,0,501.4
Rawalpindi,Lower Portion,11.9,4,3,0,4.0,1,1,1,94.3
Islamabad,House,9.2,2,1,8,2.0,0,1,1,182.8
Lahore,House,26.7,8,7,4,7.6,1,1,0,581.6
Karachi,House,7.7,1,1,20,13.0,1,1,0,84.0
Karachi,Lower Portion,19.3,5,4,6,0.2,1,1,1,270.0
Peshawar,House,12.2,5,3,10,7.0,1,1,0,159.2
Karachi,House,15.9,5,5,2,8.7,1,1,0,375.3
Karachi,House,14.8,4,4,11,1.4,1,1,0,291.8
Lahore,House,15.8,5,3,10,4.0,1,1,0,305.0
Karachi,Upper Portion,27.7,8,6,19,0.6,1,0,1,441.3
Lahore,House,25.9,8,7,0,8.2,0,1,0,678.8
Islamabad,Upper Portion,9.4,2,2,5,11.3,0,1,0,93.1
Rawalpindi,House,14.6,7,5,9,0.7,0,1,1,264.7
Peshawar,Upper Portion,6.5,2,2,1,10.2,0,1,0,33.0
Rawalpindi,House,16.4,4,2,4,8.9,1,1,0,235.6
Karachi,House,17.9,7,6,23,2.6,1,1,1,307.5
Karachi,House,5.7,2,2,5,7.0,1,0,1,137.2
Multan,House,12.1,3,2,34,0.2,1,1,1,83.7
Rawalpindi,House,15.8,4,2,0,16.1,0,1,0,237.3
Karachi,House,13.8,5,4,10,4.8,1,1,0,359.2
Islamabad,House,7.7,2,1,7,5.8,0,1,0,145.3
Karachi,House,8.0,1,1,6,6.6,1,0,0,133.9
Karachi,Flat,11.6,5,4,28,4.9,0,1,0,112.1
Karachi,House,10.4,3,2,1,11.7,1,1,0,184.1
Rawalpindi,Flat,10.7,4,2,18,5.6,0,1,0,120.0
Rawalpindi,Lower Portion,7.4,3,2,9,14.3,1,1,0,52.7
Rawalpindi,House,12.3,3,2,2,5.2,1,1,0,196.7
Faisalabad,House,21.4,7,5,19,1.1,1,1,0,305.3
Faisalabad,House,7.8,2,2,4,14.7,1,1,0,79.2
Peshawar,House,11.2,2,2,13,6.9,1,1,0,111.4
Bannu,Flat,15.2,4,3,4,7.2,1,1,0,97.8
Islamabad,House,6.8,2,2,15,25.4,1,1,1,79.0
Lahore,House,12.4,4,3,8,0.5,0,1,1,240.8
Islamabad,House,17.7,5,3,1,3.4,1,1,1,466.3
Peshawar,Upper Portion,8.4,3,3,8,1.6,1,0,0,65.6
Multan,Flat,12.8,4,3,2,6.0,1,0,0,92.4
Lahore,Lower Portion,17.2,5,4,4,9.9,1,1,0,189.1
Multan,Upper Portion,27.1,8,7,1,20.3,1,1,1,187.0
Islamabad,House,12.6,4,3,0,3.6,0,1,0,265.7
Bannu,House,9.3,1,1,2,9.3,1,1,0,62.2
Karachi,House,6.2,2,2,6,14.9,1,1,0,71.8
Islamabad,House,9.3,3,2,5,6.9,1,1,0,175.6
Karachi,House,7.2,2,1,6,1.7,1,1,1,129.8
Lahore,House,22.1,8,6,2,5.6,0,1,0,514.5
Lahore,House,16.8,5,4,9,21.0,1,1,0,182.0
Lahore,House,8.0,3,2,10,26.3,0,1,0,89.5
Faisalabad,Upper Portion,9.1,2,2,4,6.2,1,1,0,66.1
Rawalpindi,Lower Portion,12.5,4,4,17,13.1,0,1,1,84.9
Lahore,House,17.6,7,6,8,1.3,0,1,0,431.9
Rawalpindi,House,14.6,4,4,10,1.7,1,1,1,241.5
Peshawar,House,14.1,4,3,3,18.3,1,1,0,118.4
Lahore,Upper Portion,13.1,4,3,0,0.9,1,1,0,178.2
Karachi,Lower Portion,8.1,3,2,16,1.3,1,1,1,93.6
Islamabad,House,12.5,3,3,14,3.3,1,1,1,223.5
Lahore,House,12.0,4,3,1,5.3,1,1,0,236.6
Peshawar,House,7.2,3,2,4,5.6,1,1,0,84.5
Lahore,House,21.9,7,6,9,2.1,1,1,0,697.2
Rawalpindi,Flat,9.8,2,2,8,15.2,1,1,0,90.0
Peshawar,House,7.3,3,2,16,14.8,1,1,0,49.1
Islamabad,Lower Portion,10.3,4,3,1,3.0,1,1,0,104.1
Rawalpindi,House,11.1,4,4,4,3.4,1,1,0,211.4
Lahore,Flat,11.9,4,4,1,7.3,1,1,1,255.2
Bannu,House,11.0,4,3,4,6.5,1,1,0,89.9
Karachi,House,12.1,5,5,0,2.9,0,1,1,301.1
Faisalabad,Flat,12.9,5,5,18,3.2,1,1,1,122.5
Rawalpindi,Lower Portion,12.6,3,3,6,2.6,0,1,1,102.8
Islamabad,Flat,14.0,5,4,15,1.6,0,1,1,164.4
Rawalpindi,Flat,14.4,4,3,0,3.7,1,1,1,229.5
Bannu,Flat,14.5,4,3,2,7.0,1,1,1,91.9
Rawalpindi,House,15.8,4,4,2,8.1,1,1,0,295.6
Faisalabad,Flat,9.4,3,3,4,9.1,1,0,0,68.9
Multan,Flat,9.5,2,2,13,2.8,1,0,1,71.5
Lahore,House,17.6,5,5,4,8.7,0,1,0,383.7
Lahore,House,10.5,3,2,2,0.2,0,1,0,236.9
Rawalpindi,Flat,11.6,3,3,1,3.9,1,1,1,160.7
Karachi,Upper Portion,11.2,3,3,1,9.5,1,1,0,138.3
Faisalabad,House,26.7,8,5,11,6.0,1,1,1,402.4
Multan,Upper Portion,8.8,2,1,5,3.9,0,1,0,54.3
Karachi,Upper Portion,8.8,2,2,10,6.2,0,1,0,75.6
Lahore,House,12.1,4,3,9,14.2,0,1,0,157.3
Faisalabad,Flat,11.4,3,2,1,5.0,1,1,1,81.0
Lahore,House,8.0,3,1,1,9.7,0,1,0,147.4
Faisalabad,House,11.8,4,3,11,23.7,1,1,1,93.0
Karachi,Flat,12.2,4,3,10,7.3,1,1,0,193.7
Peshawar,Upper Portion,10.1,4,3,4,5.1,1,1,0,82.5
Islamabad,House,11.5,3,2,1,0.2,0,1,0,233.9
Rawalpindi,Upper Portion,9.1,2,2,0,2.8,0,1,0,83.9
Karachi,House,8.0,3,3,3,5.0,1,1,0,160.3
Rawalpindi,Upper Portion,10.4,4,2,0,9.6,1,1,0,90.9
Lahore,Upper Portion,8.4,2,1,2,3.5,1,1,0,104.6
Peshawar,Upper Portion,7.5,3,2,4,19.3,1,1,0,54.9
Multan,Flat,6.1,2,2,1,1.9,1,1,1,62.7
Lahore,Upper Portion,13.2,4,3,1,8.2,0,1,0,149.7
Islamabad,House,10.3,3,3,18,3.3,0,1,0,213.5
Islamabad,House,17.7,5,4,7,4.0,1,1,0,512.8
Peshawar,House,5.9,2,1,22,9.7,1,1,1,42.5
Rawalpindi,Flat,10.6,4,3,3,2.1,1,1,1,170.3
Rawalpindi,House,13.2,4,4,9,0.6,1,1,1,261.9
Lahore,House,9.6,3,2,2,4.4,1,1,0,215.7
Karachi,Upper Portion,12.0,4,4,8,4.5,1,1,1,178.6
Rawalpindi,Flat,6.1,2,2,1,9.6,0,1,1,64.9
Karachi,Upper Portion,10.4,4,3,0,20.7,1,1,1,139.6
Bannu,House,8.9,3,2,21,0.3,1,1,0,63.7
Islamabad,House,17.0,5,3,6,5.4,1,1,1,395.8
Peshawar,House,12.9,4,3,21,6.9,1,1,0,135.6
Karachi,House,16.1,5,4,3,25.5,1,0,0,271.7
Karachi,House,18.4,5,3,3,17.1,1,1,0,339.3
Peshawar,House,10.1,3,2,4,7.5,1,1,0,124.0
Peshawar,House,12.7,2,2,10,4.4,0,1,0,134.3
Bannu,Flat,8.1,3,3,7,1.1,1,1,0,47.9
Islamabad,House,13.9,5,4,21,2.9,1,1,1,265.1
Islamabad,House,14.6,5,4,0,5.3,1,1,0,312.0
Peshawar,Flat,13.5,4,3,10,7.8,1,0,0,133.5
Rawalpindi,Flat,10.1,3,2,3,6.1,1,1,0,114.5
Lahore,Upper Portion,22.7,8,7,2,7.5,1,1,1,213.6
Islamabad,House,12.2,5,4,6,3.4,0,1,0,299.3
Islamabad,Lower Portion,32.7,8,7,6,7.8,0,1,0,486.5
Multan,Upper Portion,8.1,3,2,1,0.9,0,0,1,44.4
Lahore,Flat,15.1,5,4,2,1.1,0,1,0,227.7
Lahore,House,17.2,4,2,4,1.1,1,1,0,322.1
Lahore,House,8.2,2,1,4,13.3,1,1,0,115.1
Karachi,Flat,11.1,4,3,3,0.5,1,1,0,224.7
Islamabad,Flat,7.2,3,3,1,9.7,1,1,0,113.5
Rawalpindi,Lower Portion,18.7,6,5,0,1.6,1,1,0,202.7
Islamabad,Flat,11.7,3,3,28,3.8,1,1,1,167.5
Faisalabad,Lower Portion,8.9,3,2,23,14.9,1,1,0,38.2
Lahore,Upper Portion,17.3,5,4,5,5.3,1,1,0,173.5
Rawalpindi,Lower Portion,12.1,4,3,42,1.4,0,1,1,57.0
Multan,House,16.4,5,4,9,2.0,1,1,0,205.6
Peshawar,House,14.2,4,3,1,15.2,1,1,0,142.1
Rawalpindi,Flat,8.5,1,1,1,3.3,1,0,0,115.5
Lahore,Flat,10.0,4,2,20,5.3,0,1,0,113.1
Karachi,House,9.0,3,3,8,3.7,0,1,0,158.2
Peshawar,Flat,8.0,3,3,15,2.9,1,0,1,59.8
Bannu,Flat,6.6,2,2,18,1.5,1,1,0,37.6
Peshawar,House,24.6,7,7,5,7.0,1,1,0,345.6
Rawalpindi,House,13.4,3,2,0,7.6,1,1,1,233.1
Peshawar,Lower Portion,14.2,4,3,2,1.9,1,0,1,97.0
Karachi,House,18.0,5,4,1,9.3,1,0,0,391.8
Islamabad,Flat,9.9,3,2,2,11.6,1,1,1,144.6
Rawalpindi,House,7.4,2,1,4,15.2,1,1,0,86.9
Bannu,Flat,15.8,6,4,1,1.1,1,1,0,112.7
Lahore,Lower Portion,7.8,3,2,1,2.2,0,1,0,94.6
Peshawar,House,15.7,5,4,5,11.8,0,1,0,170.9
Lahore,House,7.0,2,2,3,1.3,1,1,0,135.2
Rawalpindi,Flat,7.6,3,4,5,0.2,0,1,0,94.2
Islamabad,Upper Portion,9.6,3,3,4,12.3,1,1,0,135.3
Karachi,House,15.5,5,4,8,2.4,1,1,0,391.3
Peshawar,House,21.5,7,5,22,3.2,1,0,0,275.3
Karachi,House,14.2,5,4,1,3.5,1,1,1,298.6
Peshawar,House,9.7,3,3,1,11.3,1,0,1,107.6
Faisalabad,House,16.9,5,4,15,2.5,1,1,0,226.1
Multan,Lower Portion,7.0,2,1,6,13.4,1,1,1,30.1
Lahore,House,8.6,3,2,12,5.8,1,1,0,146.5
Karachi,Flat,12.5,4,4,2,4.5,1,1,0,188.2
Lahore,Upper Portion,16.0,5,4,14,2.4,1,1,0,166.3
Bannu,House,11.3,2,1,21,1.7,1,1,0,85.8
Multan,Flat,10.8,3,3,8,5.9,1,1,1,97.5
Rawalpindi,Flat,11.1,4,2,1,3.6,1,0,1,164.4
Faisalabad,House,17.9,7,6,18,14.5,1,1,0,200.2
Rawalpindi,House,9.2,2,2,13,4.1,1,1,0,122.5
Rawalpindi,House,8.4,2,1,11,4.3,1,1,0,103.8
Islamabad,House,11.0,3,2,0,3.2,1,0,0,238.4
Peshawar,House,18.9,7,5,13,9.3,1,1,1,244.2
Islamabad,Lower Portion,9.5,3,3,1,3.3,1,1,0,150.9
Faisalabad,House,11.0,3,2,2,1.9,0,0,0,106.1
Faisalabad,Upper Portion,6.9,3,3,7,11.9,1,1,1,41.5
Peshawar,House,11.2,3,3,2,5.5,0,1,0,121.4
Islamabad,Lower Portion,13.2,3,3,9,5.4,1,1,1,180.3
Lahore,Flat,7.8,2,2,7,5.7,1,1,0,124.7
Lahore,Upper Portion,17.9,7,5,1,7.6,1,1,0,260.7
Karachi,House,13.1,4,3,9,2.3,1,1,0,290.9
Islamabad,House,10.0,3,3,21,0.2,0,0,0,176.7
Bannu,Flat,13.2,4,3,1,10.0,1,1,1,91.4
Rawalpindi,Flat,14.5,5,4,7,0.8,1,1,0,215.6
Lahore,Upper Portion,6.3,2,1,3,7.7,0,1,1,69.1
Karachi,House,13.4,4,3,5,0.5,1,0,0,316.6
Karachi,Upper Portion,18.6,6,5,3,2.8,1,1,1,331.4
Rawalpindi,Lower Portion,9.1,3,2,3,0.4,0,1,1,67.5
Rawalpindi,Flat,10.1,3,2,0,4.4,1,1,0,125.3
Multan,House,10.7,3,2,32,6.4,1,1,0,76.2
Karachi,Upper Portion,16.1,5,4,8,1.1,0,0,1,231.1
Bannu,House,8.2,1,1,6,2.8,1,1,0,59.6
Multan,Upper Portion,14.2,6,5,4,16.0,1,1,1,98.7
Lahore,Upper Portion,10.8,4,4,6,3.5,1,1,0,122.9
Bannu,House,21.9,6,6,4,9.7,1,1,1,169.2
Islamabad,Flat,11.0,3,2,4,15.7,0,1,0,157.5
Faisalabad,House,5.4,1,1,5,22.0,1,1,1,36.8
Karachi,Lower Portion,15.2,6,4,3,13.7,0,1,0,161.6
Multan,House,14.0,3,2,2,2.3,1,1,1,156.9
Multan,House,12.9,4,3,7,19.7,1,1,0,130.1
Faisalabad,Upper Portion,18.4,6,5,15,10.0,1,1,0,119.8
Faisalabad,House,6.6,3,3,1,10.9,1,1,1,75.0
Lahore,Flat,8.7,3,3,0,0.2,1,1,1,166.7
Islamabad,House,12.0,3,3,2,18.5,1,1,1,286.2
Karachi,Flat,12.7,4,3,31,9.0,1,1,0,133.5
Lahore,Flat,11.3,3,2,14,8.8,1,1,0,126.1
Peshawar,House,7.0,2,1,7,0.5,1,1,0,89.6
Karachi,Lower Portion,10.1,4,3,21,1.6,1,0,0,78.6
Bannu,House,21.3,5,5,5,19.7,1,1,0,152.5
Peshawar,House,8.1,2,1,33,4.2,1,0,0,71.7
Faisalabad,House,11.9,3,2,3,3.0,0,1,1,147.5
Islamabad,Flat,14.2,4,3,2,11.0,1,1,0,230.9
Multan,House,15.9,5,4,8,0.5,1,1,1,211.4
Multan,House,15.2,5,4,4,3.2,1,1,0,183.0
Karachi,Lower Portion,9.9,3,3,8,2.8,1,1,1,123.2
Rawalpindi,House,8.7,2,2,3,2.6,0,1,0,143.4
Faisalabad,House,22.0,7,5,8,2.2,0,1,1,302.7
Lahore,House,16.5,6,5,3,1.4,1,1,0,282.8
Karachi,House,12.3,3,2,0,1.1,1,1,1,312.7
Karachi,House,19.7,7,6,19,6.1,1,0,0,495.1
Islamabad,House,6.9,2,1,17,15.1,1,0,0,91.0
Karachi,House,7.4,3,2,28,4.3,0,0,0,80.9
Islamabad,House,5.5,2,2,10,2.1,1,1,0,120.4
Islamabad,House,12.6,4,2,9,1.0,1,1,1,362.1
Islamabad,Flat,12.9,4,4,7,10.6,1,1,0,213.7
Bannu,Flat,7.2,2,1,1,21.3,0,1,1,38.3
Rawalpindi,House,16.3,5,4,2,2.6,0,0,0,310.7
Bannu,Lower Portion,6.0,2,2,3,2.1,0,1,1,30.1
Karachi,Upper Portion,13.6,3,2,18,5.5,1,1,1,134.8
Lahore,Lower Portion,14.8,6,5,2,9.0,0,0,0,170.4
Karachi,House,12.6,3,3,20,3.6,0,1,0,204.2
Karachi,Flat,6.9,2,2,6,6.0,1,1,0,96.7
Islamabad,House,18.4,6,5,10,7.6,1,1,0,412.1
Peshawar,Upper Portion,10.0,3,3,1,19.4,1,1,0,61.5
Lahore,House,10.0,4,3,3,1.1,1,1,0,184.0
Rawalpindi,House,9.3,2,2,25,35.7,1,1,0,56.7
Peshawar,House,15.4,4,3,2,3.0,1,0,0,184.2
Lahore,Flat,9.8,2,2,3,7.7,1,0,0,122.7
Islamabad,Flat,7.8,2,2,2,5.1,1,1,0,130.3
Faisalabad,House,17.0,6,5,1,4.0,1,1,0,220.7
Karachi,House,11.8,5,4,2,7.2,1,0,0,199.4
Islamabad,Lower Portion,17.2,5,4,8,3.0,1,1,0,217.4
Bannu,Upper Portion,12.1,5,3,5,0.8,1,1,0,56.9
Islamabad,Flat,9.1,3,2,6,4.0,1,1,1,168.8
Peshawar,Flat,6.3,2,2,1,4.4,0,1,0,47.8
Bannu,House,12.7,3,2,13,1.4,1,1,1,121.2
Lahore,House,10.7,4,4,12,16.5,1,0,0,158.0
Islamabad,House,15.6,4,3,0,1.5,1,1,0,402.9
Islamabad,House,9.7,4,3,4,3.2,0,1,0,167.7
Lahore,Flat,13.8,4,3,1,1.0,1,1,0,235.4
Islamabad,House,11.9,5,5,13,4.6,0,0,1,260.1
Peshawar,House,8.9,2,2,11,2.2,1,1,0,84.3
Islamabad,House,9.9,3,3,19,4.0,1,0,1,189.3
Karachi,House,7.3,2,2,2,1.5,0,1,0,140.7
Bannu,Flat,22.6,7,6,5,0.3,1,1,0,181.6
Faisalabad,House,13.7,4,3,2,9.1,1,1,0,161.6
Rawalpindi,House,7.2,3,2,4,6.1,1,1,0,104.0
Lahore,Flat,22.2,6,5,6,2.5,1,1,0,396.7
Rawalpindi,House,8.0,2,1,0,0.3,1,1,0,130.9
Rawalpindi,House,9.6,4,4,10,12.0,1,1,1,150.3
Karachi,Flat,11.0,4,4,6,1.1,1,0,1,183.5
Islamabad,House,12.0,4,3,14,16.0,1,1,0,173.7
Multan,Flat,15.5,6,4,3,3.9,1,1,0,139.2
Karachi,Flat,5.9,2,2,19,2.5,1,1,0,86.0
Lahore,House,12.1,5,3,45,8.1,1,0,0,125.7
Karachi,House,10.8,3,2,20,12.6,1,1,1,186.9
Karachi,Lower Portion,12.7,3,2,12,2.8,1,1,0,152.8
Faisalabad,House,10.6,5,4,13,3.1,1,1,1,126.5
Peshawar,Lower Portion,10.1,4,4,7,3.4,1,1,1,80.4
Faisalabad,House,11.4,3,2,2,15.3,1,1,0,113.2
Islamabad,Flat,21.7,7,5,9,7.1,1,1,0,428.0
Karachi,Flat,10.2,3,2,10,1.7,1,0,0,142.1
Karachi,Upper Portion,18.0,6,5,34,1.2,1,1,0,176.2
Islamabad,House,12.5,2,1,6,1.6,0,1,0,251.3
Lahore,House,12.3,3,2,3,1.8,0,0,1,259.3
Faisalabad,House,12.8,5,4,9,1.6,1,1,0,178.3
Islamabad,Lower Portion,14.2,4,4,31,6.4,1,1,1,128.1
Rawalpindi,House,10.4,3,2,2,0.7,0,1,1,182.2
Lahore,Upper Portion,17.6,5,4,3,2.9,1,1,1,258.7
Islamabad,House,14.2,6,5,6,5.9,1,1,0,426.0
Lahore,House,7.5,3,3,1,2.1,1,1,1,133.8
Bannu,House,5.4,2,2,0,0.4,1,1,0,42.3
Faisalabad,Flat,21.4,6,5,3,0.5,1,1,0,261.0
Bannu,Upper Portion,12.9,5,4,16,0.8,1,0,1,68.7
Karachi,House,7.3,4,3,0,10.8,0,1,1,156.7
Islamabad,Upper Portion,10.2,4,3,4,6.4,1,1,0,149.3
Rawalpindi,House,16.5,7,5,11,0.4,0,1,1,323.8
Karachi,Flat,11.2,3,2,24,3.0,1,1,0,123.2
Faisalabad,Flat,11.5,3,3,34,2.0,1,0,0,69.7
Islamabad,House,15.3,4,3,4,5.2,1,1,0,353.6
Karachi,House,13.4,4,4,24,4.4,1,1,0,213.1
Lahore,House,14.6,5,4,0,3.9,1,1,0,363.3
Lahore,House,15.3,5,4,11,2.3,0,0,0,312.3
Peshawar,Upper Portion,9.2,3,2,8,0.9,1,0,0,68.0
Karachi,Lower Portion,9.5,4,3,2,8.1,1,1,0,132.9
Karachi,Flat,8.8,2,2,6,12.7,0,0,0,118.4
Karachi,Flat,9.7,3,3,1,17.3,0,1,0,134.9
Karachi,House,11.4,4,3,16,0.4,1,1,0,294.9
Faisalabad,House,11.7,3,2,4,8.1,1,1,0,125.9
Multan,Upper Portion,19.4,6,5,8,7.8,1,0,0,126.2
Bannu,Flat,13.1,5,4,1,17.6,1,1,0,82.4
Faisalabad,Flat,11.5,3,2,2,1.7,1,1,0,104.1
Lahore,Flat,8.2,2,1,39,8.1,1,0,0,56.5
Peshawar,House,10.7,4,3,11,0.3,1,1,1,127.5
Karachi,House,22.0,6,4,26,6.0,1,1,0,399.6
Lahore,Flat,21.9,7,5,3,2.6,1,1,0,335.2
Faisalabad,House,10.6,3,2,1,8.8,1,1,0,117.7
Islamabad,Upper Portion,6.5,3,2,6,11.9,1,1,0,73.1
Multan,House,10.1,3,2,5,2.7,1,1,0,106.4
Karachi,House,19.5,7,5,2,4.5,1,1,1,425.6
Rawalpindi,House,11.4,4,3,11,0.7,1,1,0,145.5
Peshawar,Flat,15.3,4,3,4,3.2,1,1,0,139.8
Multan,Flat,11.9,2,2,2,2.7,1,1,0,105.8
Rawalpindi,House,7.1,2,2,3,1.2,0,1,0,113.1
Rawalpindi,House,12.0,4,2,7,13.5,1,1,1,170.2
Islamabad,House,16.1,5,4,10,1.0,1,1,0,348.3
Rawalpindi,House,9.6,3,3,5,6.1,1,0,0,151.1
Lahore,House,15.9,5,4,6,13.3,1,1,0,226.4
Peshawar,House,12.3,5,3,1,14.6,1,0,0,100.3
Rawalpindi,House,15.6,4,3,20,9.5,0,1,0,177.5
Peshawar,House,13.4,5,4,21,1.2,1,1,0,144.5
Islamabad,House,8.4,2,1,9,10.2,1,1,0,164.4
Islamabad,House,10.7,3,2,0,1.9,1,0,0,253.3
Peshawar,House,10.6,3,2,6,15.3,0,1,0,119.8
Islamabad,House,9.5,2,1,8,7.4,1,1,1,174.6
Islamabad,Lower Portion,13.1,4,3,42,9.2,0,1,0,81.5
Islamabad,House,23.6,8,6,44,0.5,0,1,0,330.1
Bannu,Flat,17.6,6,4,16,5.2,1,1,1,131.3
Peshawar,House,18.5,6,5,1,10.3,1,1,0,251.0
Karachi,Upper Portion,9.3,2,2,25,11.9,0,1,0,75.1
Lahore,Upper Portion,18.6,6,5,8,0.2,0,1,0,216.1
Karachi,House,21.0,8,6,13,16.8,1,1,0,382.0
Faisalabad,Upper Portion,9.2,3,2,4,0.3,1,1,0,67.9
Peshawar,House,14.0,4,3,3,5.7,1,1,0,209.8
Lahore,House,14.1,4,3,5,7.1,1,0,0,194.5
Lahore,House,11.0,3,3,1,0.7,1,1,0,229.1
Islamabad,House,12.7,2,1,4,0.3,1,1,0,265.8
Peshawar,House,14.4,5,4,16,9.2,1,1,1,125.3
Faisalabad,House,11.2,3,2,0,2.9,1,1,0,132.5
Lahore,House,17.3,4,4,1,0.7,0,1,0,310.0
Islamabad,Flat,7.6,3,2,1,8.6,1,1,0,87.1
Islamabad,House,10.6,3,2,4,11.3,1,1,0,199.9
Bannu,House,15.5,5,3,45,5.3,1,0,0,62.6
Lahore,House,22.6,8,7,2,1.1,1,1,0,611.5
Faisalabad,House,17.7,5,4,1,0.2,1,1,0,266.3
Rawalpindi,House,12.6,3,2,20,7.2,1,1,0,135.3
Karachi,House,11.4,4,4,17,4.8,0,1,1,261.2
Lahore,House,10.8,4,3,0,6.3,1,1,0,223.7
Islamabad,House,10.8,2,2,11,10.1,0,1,0,208.0
Rawalpindi,Upper Portion,6.3,2,2,9,3.4,0,1,0,41.6
Faisalabad,House,22.2,7,6,12,0.8,1,1,0,281.5
Peshawar,House,11.7,2,1,5,16.9,1,1,0,115.5
Rawalpindi,House,9.0,3,3,38,4.7,1,1,0,80.6
Islamabad,Lower Portion,13.9,5,3,0,5.7,1,1,0,165.3
Bannu,Flat,9.2,3,3,2,16.3,1,1,0,37.7
Faisalabad,House,16.6,6,4,4,16.1,1,1,1,211.8
Lahore,House,9.1,4,5,5,5.1,1,0,1,212.5
Bannu,House,15.7,5,5,20,2.1,1,1,0,127.8
Rawalpindi,House,10.7,3,2,7,35.1,1,1,1,82.0
Rawalpindi,Flat,13.2,3,2,0,6.9,1,0,1,140.3
Peshawar,Flat,16.2,5,4,4,3.1,1,1,1,182.2
Faisalabad,House,9.9,3,3,4,4.9,1,1,0,99.0
Peshawar,House,16.0,5,4,27,3.2,1,1,1,155.8
Islamabad,Flat,6.4,1,1,7,13.2,1,1,0,90.4
Karachi,Flat,20.3,7,6,8,4.0,1,1,0,296.1
Multan,Upper Portion,17.1,5,4,10,10.4,0,0,1,112.7
Lahore,House,11.6,3,2,12,11.0,0,1,1,212.9
Karachi,Flat,18.2,6,5,8,10.4,1,1,0,317.2
Karachi,House,17.5,7,6,2,7.7,1,0,1,479.1
Karachi,House,12.0,2,2,17,11.6,1,1,0,166.1
Rawalpindi,Flat,11.9,4,4,11,2.9,1,1,0,132.5
Bannu,Upper Portion,8.6,2,1,11,0.7,0,1,0,26.7
Lahore,House,12.2,4,3,45,11.1,0,1,1,109.0
Islamabad,Flat,7.0,2,2,13,4.1,1,1,1,99.7
Lahore,Flat,15.6,5,5,14,0.8,1,1,1,234.1
Multan,House,15.8,5,3,24,0.7,0,1,0,143.5
Peshawar,Upper Portion,6.4,1,2,1,1.0,1,1,0,48.4
Lahore,House,19.6,6,5,6,8.3,1,1,0,380.9
Faisalabad,Flat,9.6,3,3,7,7.4,0,1,0,89.7
Multan,House,31.6,8,7,3,1.4,1,0,0,522.5
Faisalabad,House,13.0,3,3,15,11.3,1,1,0,132.1
Multan,Upper Portion,19.6,7,6,11,2.0,1,1,0,153.4
Lahore,House,8.5,2,2,10,9.4,1,1,1,150.2
Peshawar,House,10.7,4,3,45,4.0,1,1,0,61.0
Karachi,Upper Portion,9.9,3,2,2,7.9,0,1,1,128.8
Faisalabad,Upper Portion,7.0,2,1,11,2.9,1,1,0,41.8
Peshawar,House,7.6,3,2,6,2.6,0,1,0,78.6
Faisalabad,House,11.4,3,1,3,11.0,1,1,0,116.4
Peshawar,Flat,13.7,4,3,1,0.2,1,0,0,140.0
Lahore,House,8.2,3,2,18,22.1,1,1,0,118.6
Rawalpindi,House,10.5,5,4,7,6.3,1,1,0,183.9
Bannu,House,9.2,2,2,14,3.4,1,0,1,79.3
Bannu,Flat,11.7,5,3,6,5.9,0,1,1,86.6
Islamabad,House,15.2,6,6,2,0.8,1,1,0,447.4
Lahore,Flat,12.4,4,3,3,4.3,1,1,0,182.3
Islamabad,Flat,9.7,3,2,4,25.2,1,1,1,89.0
Peshawar,House,17.3,5,4,29,1.6,0,1,1,156.2
Faisalabad,House,13.6,4,3,0,7.7,0,1,0,172.5
Lahore,House,12.6,3,3,34,3.4,1,1,1,160.3
Karachi,House,8.3,3,3,31,6.3,0,1,0,111.6
Faisalabad,House,16.6,6,5,44,1.4,1,1,0,91.3
Peshawar,Flat,14.1,4,3,5,3.8,0,1,0,139.0
Rawalpindi,House,14.3,4,3,27,23.5,0,1,0,127.3
Rawalpindi,Flat,11.0,2,1,4,1.3,1,1,0,100.6
Karachi,Flat,10.4,4,3,0,6.1,1,0,0,177.0
Lahore,House,22.3,7,5,2,5.1,1,1,1,661.2
Rawalpindi,House,10.3,3,3,23,5.0,1,1,0,151.0
Peshawar,Upper Portion,7.7,2,2,0,5.7,0,1,0,50.5
Multan,Flat,12.8,4,4,6,4.2,0,0,0,113.9
Rawalpindi,Lower Portion,11.9,4,4,1,0.2,0,1,0,139.5
Faisalabad,House,17.6,5,4,3,13.8,1,0,0,202.9
Lahore,Upper Portion,11.3,4,2,1,10.5,0,1,1,146.8
Karachi,House,15.0,5,5,16,1.1,1,1,1,337.7
Islamabad,House,20.1,7,6,7,3.2,0,1,0,548.3
Lahore,House,13.8,5,3,19,8.8,1,1,0,203.3
Peshawar,House,8.4,3,3,9,23.5,1,0,1,69.8
Bannu,Flat,6.3,3,3,28,18.1,1,1,0,22.9
Islamabad,House,13.9,5,4,6,13.8,1,1,0,261.7
Karachi,Upper Portion,10.5,4,4,8,1.0,1,1,0,138.0
Faisalabad,Flat,13.1,5,5,7,14.8,1,1,1,123.4
Lahore,Upper Portion,12.0,2,2,5,12.6,1,1,0,142.2
Rawalpindi,House,7.7,3,3,15,2.8,1,0,1,85.5
Peshawar,Flat,11.3,4,4,8,3.0,1,1,0,137.3
Rawalpindi,House,8.2,3,2,13,3.7,1,1,0,112.2
Lahore,House,10.0,3,2,12,6.4,1,1,0,186.2
Karachi,Flat,16.6,5,4,2,1.8,1,1,0,352.4
Faisalabad,House,12.3,4,3,8,0.2,1,1,0,183.7
Rawalpindi,House,14.7,4,3,2,0.9,1,1,0,243.7
Islamabad,Flat,12.7,5,4,7,3.5,0,1,0,213.9
Faisalabad,House,10.8,3,2,9,2.0,0,0,0,112.5
Islamabad,House,13.1,4,3,45,8.7,1,1,1,139.6
Peshawar,House,6.6,1,1,0,0.7,1,1,1,100.4
Lahore,House,15.7,5,3,1,15.0,1,1,1,300.2
Bannu,Flat,8.9,3,2,1,13.5,1,1,1,41.5
Karachi,House,14.4,5,4,4,14.4,1,1,0,260.0
Lahore,Flat,10.7,3,2,14,8.1,1,1,0,102.6
Islamabad,Flat,7.7,1,1,15,0.7,0,1,1,102.4
Lahore,Flat,9.4,3,2,11,3.5,0,1,0,128.8
Multan,Upper Portion,14.4,6,5,18,0.8,1,1,0,91.2
Bannu,House,25.2,7,6,3,26.4,1,1,1,174.1
Karachi,House,11.7,5,4,1,2.4,0,1,0,268.4
Karachi,House,23.9,8,7,0,5.3,1,1,1,737.5
Peshawar,House,6.6,2,2,15,9.1,1,1,0,66.4
Multan,House,10.9,3,3,10,15.2,1,1,0,102.9
Rawalpindi,Upper Portion,11.7,3,2,10,8.5,1,1,1,128.7
Karachi,Upper Portion,14.7,5,4,3,6.7,1,0,0,197.0
Karachi,House,9.5,2,1,4,3.8,1,1,1,213.2
Peshawar,House,13.6,4,3,25,5.6,1,1,1,110.5
Islamabad,House,11.1,4,4,1,0.6,1,1,0,279.9
Rawalpindi,Upper Portion,18.5,4,2,12,12.9,1,0,0,132.0
Karachi,Upper Portion,12.8,3,2,3,4.7,1,1,0,139.6
Faisalabad,House,30.5,8,7,0,0.2,1,1,0,501.0
Islamabad,Flat,11.2,4,3,11,15.1,1,1,1,154.8
Rawalpindi,House,18.1,6,5,3,4.0,1,1,0,327.8
Karachi,House,20.3,6,5,10,12.2,1,1,0,531.9
Peshawar,House,5.0,3,2,10,11.7,0,1,0,50.9
Islamabad,Flat,15.6,5,4,6,10.1,1,1,0,318.6
Rawalpindi,House,7.6,2,1,12,0.4,1,1,1,134.2
Rawalpindi,House,11.0,3,3,7,1.7,1,1,0,165.2
Rawalpindi,House,8.0,3,3,3,12.5,1,1,0,114.7
Rawalpindi,House,18.7,6,5,11,13.8,0,1,0,247.5
Peshawar,Flat,9.7,4,3,7,3.7,0,1,1,92.1
Faisalabad,House,6.5,1,1,0,3.5,1,1,1,68.1
Lahore,Upper Portion,12.9,4,3,19,1.2,1,1,1,135.4
Faisalabad,House,19.7,6,5,6,20.7,1,1,0,206.7
Karachi,House,8.1,3,2,16,1.4,1,1,0,153.9
Islamabad,House,16.4,5,4,17,1.3,1,1,1,390.3
Islamabad,House,6.0,2,2,5,6.5,1,1,1,127.4
Karachi,House,20.3,6,5,6,1.7,1,1,0,562.5
Faisalabad,House,13.9,5,4,4,16.8,1,1,1,150.9
Peshawar,Upper Portion,7.8,3,2,5,0.2,1,1,1,75.2
Faisalabad,Flat,15.8,4,5,18,0.2,0,1,0,101.0
Rawalpindi,Upper Portion,9.9,2,2,12,4.2,1,0,0,85.2
Karachi,House,8.6,2,1,1,4.0,1,1,0,183.0
Islamabad,House,9.9,4,4,8,1.1,1,1,1,231.4
Lahore,House,15.2,4,3,44,4.1,1,0,0,143.8
Karachi,Flat,8.4,2,2,7,3.2,1,0,1,133.1
Islamabad,Lower Portion,5.4,2,2,12,13.3,1,1,0,53.7
Lahore,Upper Portion,10.0,3,2,12,0.2,1,1,0,87.3
Rawalpindi,House,19.0,6,5,3,22.4,1,0,0,270.0
Peshawar,House,18.9,5,3,4,5.9,1,0,1,243.8
Bannu,House,9.8,3,3,10,1.0,1,1,0,91.7
Bannu,House,9.7,3,2,6,0.3,1,1,0,64.6
Peshawar,House,9.5,3,2,7,4.6,0,1,1,146.6
Karachi,House,9.4,3,2,10,1.6,1,1,0,166.7
Rawalpindi,House,9.6,3,2,12,2.2,1,1,1,175.0
Faisalabad,House,13.1,4,3,3,1.7,1,1,0,170.3
Islamabad,House,19.1,5,4,1,6.3,0,1,0,409.5
Karachi,Flat,8.4,2,2,3,4.8,1,0,0,125.7
Faisalabad,House,9.0,3,3,6,0.5,1,1,1,133.0
Karachi,House,13.7,3,2,3,4.5,1,1,0,231.6
Rawalpindi,Flat,15.5,5,4,7,9.4,0,1,1,200.8
Rawalpindi,Flat,7.0,2,2,0,0.5,1,0,0,86.3
Lahore,House,21.9,6,4,6,13.2,1,1,0,439.5
Karachi,Upper Portion,5.3,2,2,4,5.2,1,1,0,62.3
Karachi,House,10.7,4,2,6,18.0,1,1,1,171.1
Islamabad,House,7.2,1,2,4,1.0,0,1,0,127.6
Islamabad,House,6.9,3,2,3,30.3,1,1,0,96.7
Faisalabad,House,6.8,2,2,19,6.2,1,1,1,68.8
Lahore,Flat,17.9,6,4,2,5.0,1,1,0,330.0
Rawalpindi,House,12.3,3,2,9,4.3,1,1,0,191.1
Lahore,House,18.0,6,6,21,0.2,1,1,0,397.3
Bannu,Upper Portion,11.5,4,4,6,16.8,1,1,0,56.6
Lahore,House,17.8,5,3,17,6.2,1,1,0,236.7
Karachi,Flat,11.4,3,3,1,0.6,0,1,1,144.5
Multan,House,4.3,1,1,5,0.2,1,1,0,54.1
Faisalabad,House,14.6,5,4,5,0.3,0,1,0,161.8
Lahore,House,11.8,4,3,0,5.6,0,1,1,217.9
Faisalabad,Flat,11.2,4,3,5,5.7,0,1,0,92.6
Karachi,Flat,8.7,3,3,4,4.2,1,1,1,117.6
Karachi,House,15.4,4,3,9,2.2,1,1,0,312.0
Islamabad,House,8.1,2,2,22,4.6,1,1,0,117.0
Islamabad,Lower Portion,15.4,6,5,1,4.4,0,1,0,214.4
Peshawar,Upper Portion,12.5,4,2,3,0.2,1,1,0,107.0
Karachi,House,15.5,5,5,5,2.0,1,1,0,364.1
Karachi,House,12.9,3,2,5,0.3,1,1,0,265.7
Peshawar,Upper Portion,18.6,6,5,12,13.8,1,1,0,130.0
Faisalabad,House,14.1,4,2,5,7.8,0,0,0,165.3
Lahore,Flat,12.6,5,4,0,33.3,1,1,0,137.7
Rawalpindi,House,5.2,2,2,10,2.2,1,1,0,73.7
Islamabad,Flat,18.9,6,4,17,12.6,1,1,0,321.4
Peshawar,House,6.7,2,2,6,5.5,1,1,0,84.2
Peshawar,Flat,7.4,2,1,7,3.6,1,1,0,53.2
Bannu,Flat,16.1,4,4,1,1.5,1,1,1,106.1
Islamabad,Upper Portion,12.2,3,3,2,8.0,1,1,0,148.2
Islamabad,Flat,6.8,2,1,2,14.1,1,1,0,106.4
Lahore,Upper Portion,9.7,3,2,5,1.6,0,1,0,103.1
Lahore,Upper Portion,18.5,6,5,21,1.2,1,1,0,163.4
Lahore,House,12.8,4,4,6,7.1,1,1,1,258.1
Multan,House,12.3,4,3,2,22.6,0,1,0,75.6
Lahore,Flat,9.3,3,2,2,8.3,1,1,0,112.3
Lahore,Upper Portion,16.3,6,5,4,2.0,1,1,0,217.5
Peshawar,House,11.6,2,2,8,3.3,1,1,1,143.9
Karachi,Flat,15.1,2,2,5,2.9,1,1,1,270.1
Faisalabad,House,9.0,3,3,4,11.5,1,1,0,103.5
Islamabad,House,25.2,7,6,7,8.9,1,1,0,539.0
Karachi,Flat,19.8,6,5,2,5.3,0,1,1,357.0
Islamabad,Flat,12.7,4,3,1,1.9,1,0,0,235.1
Islamabad,Flat,13.8,5,4,0,16.7,1,0,0,203.6
Multan,Upper Portion,9.8,3,2,2,6.4,0,1,1,62.5
Islamabad,House,15.6,5,5,1,21.1,1,1,0,239.3
Rawalpindi,House,5.5,2,1,3,5.2,1,1,0,69.9
Karachi,Upper Portion,21.8,7,6,12,10.3,0,1,0,252.1
Karachi,House,15.3,4,4,10,10.1,1,0,1,187.1
Multan,House,8.4,3,2,8,2.5,1,0,0,94.2
Islamabad,Flat,21.6,6,5,15,19.9,1,1,1,244.1
Peshawar,Upper Portion,24.3,8,6,3,0.2,1,1,0,276.0
Bannu,Flat,14.0,3,2,17,8.8,0,1,1,72.6
Rawalpindi,Flat,9.0,3,3,4,20.2,1,1,1,80.8
Bannu,House,12.4,4,3,4,2.5,1,1,0,125.3
Islamabad,House,14.8,6,4,4,6.3,1,0,0,389.3
Karachi,Upper Portion,13.6,3,2,1,5.0,0,1,0,158.2
Lahore,Flat,8.4,2,2,30,8.6,1,1,0,69.3
Peshawar,House,14.7,5,4,1,12.1,1,1,0,211.3
Bannu,House,18.4,6,6,3,5.5,1,1,1,201.9
Lahore,Flat,7.7,3,3,3,10.2,1,1,0,117.8
Peshawar,House,8.0,2,1,1,2.2,1,1,0,70.8
Lahore,Flat,9.6,3,4,1,1.6,0,1,0,152.6
Rawalpindi,House,11.2,4,3,0,3.4,1,1,0,162.7
Karachi,House,16.5,5,4,3,6.8,1,1,0,372.6
Bannu,Flat,18.3,6,4,16,1.2,0,0,1,125.2
Rawalpindi,House,8.9,3,1,3,6.8,0,0,0,148.1
Karachi,House,13.1,3,3,1,3.0,0,1,1,263.1
Islamabad,Upper Portion,18.0,6,6,8,9.5,0,1,1,240.5
Lahore,Flat,25.8,8,6,45,0.2,1,1,1,263.1
Lahore,House,13.1,6,5,2,6.6,0,1,0,251.0
Lahore,House,13.3,3,2,3,6.3,1,1,0,279.9
Multan,House,14.1,5,4,29,17.0,1,1,0,94.8
Rawalpindi,Flat,10.8,2,1,2,7.5,1,1,0,118.2
Rawalpindi,House,12.7,4,3,6,9.5,1,1,1,217.0
Islamabad,House,5.9,3,2,2,14.1,1,1,0,111.0
Multan,House,9.8,2,1,22,6.7,1,1,0,67.5
Peshawar,House,14.6,4,3,32,2.1,0,1,0,121.7
Islamabad,House,8.7,2,2,13,12.2,1,1,0,127.9
Peshawar,House,16.6,5,4,3,8.3,1,0,0,216.4
Rawalpindi,Lower Portion,6.5,2,2,4,3.3,0,1,0,58.9
Islamabad,Lower Portion,16.4,6,5,2,7.4,1,1,1,210.9
Karachi,House,16.3,5,4,18,12.1,1,1,0,223.2
Karachi,Flat,26.0,8,6,20,22.3,1,1,0,300.9
Lahore,Flat,10.7,3,2,4,18.3,1,1,0,108.6
Bannu,House,12.2,4,3,9,2.4,1,0,0,100.7
Faisalabad,House,20.9,6,4,1,3.3,1,1,0,312.3
Peshawar,House,19.8,7,6,5,0.7,1,1,1,255.8
Karachi,Flat,17.6,6,6,8,1.7,1,0,0,348.2
Karachi,Flat,13.8,5,4,4,12.8,1,1,0,178.9
Peshawar,Lower Portion,20.7,6,5,4,2.7,1,1,1,183.2
Rawalpindi,Flat,29.9,8,7,0,5.8,1,0,1,462.4
Islamabad,Upper Portion,15.1,5,4,13,6.6,1,1,0,179.6
Rawalpindi,Upper Portion,12.4,3,3,18,9.1,0,1,0,105.1
Faisalabad,Upper Portion,15.8,4,3,28,1.2,0,0,1,87.7
Karachi,House,13.0,4,2,10,2.2,1,1,0,293.6
Islamabad,House,11.0,4,3,6,3.6,1,1,0,258.3
Faisalabad,Flat,16.6,5,3,3,2.7,1,1,0,178.5
Lahore,Flat,10.1,2,2,45,24.4,1,1,0,48.2
Lahore,House,15.0,4,3,7,10.8,1,1,0,272.5
Lahore,Upper Portion,6.9,2,2,9,3.9,0,1,0,78.0
Karachi,Lower Portion,22.2,7,6,9,12.7,0,1,0,251.6
Peshawar,Flat,9.1,4,3,15,2.6,1,1,1,107.3
Rawalpindi,House,7.4,3,2,0,9.2,1,1,0,126.0
Lahore,Upper Portion,19.6,7,5,2,1.5,1,1,0,259.0
Multan,House,21.0,7,5,9,8.9,1,1,0,242.9
Multan,House,13.7,4,3,18,3.7,1,1,1,148.0
Multan,Upper Portion,11.7,3,3,9,0.7,0,1,0,75.2
Lahore,Flat,10.8,3,2,4,1.9,0,1,1,176.5
Karachi,House,13.4,5,3,4,3.1,1,1,0,339.4
Bannu,Upper Portion,12.0,3,3,11,8.3,1,0,0,42.3
Faisalabad,House,11.5,3,2,11,0.5,0,1,1,151.2
Islamabad,Flat,8.8,2,3,7,6.5,0,1,1,126.7
Islamabad,Flat,7.9,2,2,3,7.6,1,0,0,108.5
Karachi,House,12.6,4,4,21,6.4,0,1,0,190.6
Multan,House,13.3,4,3,6,8.6,1,1,0,154.9
Rawalpindi,Upper Portion,9.3,2,1,13,1.2,0,1,0,70.8
Karachi,House,9.8,4,3,2,5.3,1,1,0,199.4
Islamabad,House,13.2,4,4,3,17.0,1,1,0,242.8
Peshawar,House,8.7,3,3,17,5.7,0,1,1,71.6
Faisalabad,House,17.8,6,4,0,5.7,1,0,1,230.8
Karachi,Upper Portion,14.8,4,3,6,8.0,1,1,0,151.9
Faisalabad,House,9.3,3,2,5,2.4,1,1,0,106.7
Bannu,Flat,14.5,5,3,11,7.2,1,1,1,98.1
Lahore,House,8.8,2,2,3,14.9,1,1,0,146.2
Rawalpindi,Upper Portion,16.4,5,4,2,0.2,1,1,0,221.0
Lahore,Flat,8.9,3,2,21,12.2,1,1,0,98.8
Faisalabad,House,11.7,5,3,7,1.5,1,1,0,141.6
Rawalpindi,Lower Portion,12.8,4,4,1,3.7,1,1,0,127.8
Rawalpindi,House,20.9,7,5,2,11.5,1,1,1,391.7
Faisalabad,Flat,9.1,3,3,45,10.4,0,0,0,24.5
Karachi,Lower Portion,9.0,2,1,2,13.3,0,1,0,68.0
Multan,Flat,7.1,2,2,8,16.9,1,1,0,41.8
Rawalpindi,Flat,23.4,7,6,4,3.6,1,1,1,370.1
Lahore,House,12.3,4,3,17,6.4,1,1,1,228.7
Peshawar,House,18.0,6,5,11,3.0,1,1,0,262.5
Faisalabad,House,9.8,3,3,7,2.6,1,1,1,97.0
Lahore,Lower Portion,10.2,3,2,0,3.4,0,1,0,116.2
Multan,Lower Portion,12.0,4,3,17,8.2,1,1,0,61.8
Multan,House,12.1,3,2,5,4.2,1,0,0,137.1
Lahore,House,15.6,5,4,21,10.1,0,1,0,259.8
Bannu,House,12.5,5,4,5,8.2,1,1,0,106.0
Islamabad,House,10.6,4,3,9,0.2,1,1,0,284.5
Lahore,House,23.6,7,5,1,6.0,1,1,0,507.2
Lahore,Flat,8.7,4,2,11,3.4,1,1,0,106.4
Multan,Upper Portion,9.1,2,2,3,3.7,1,0,0,60.4
Peshawar,Flat,8.8,2,2,3,10.2,1,0,0,66.8
Lahore,Flat,15.8,6,5,1,4.8,0,1,0,276.7
Karachi,Flat,14.3,5,4,1,13.0,1,1,0,276.5
Rawalpindi,Flat,11.5,3,1,2,7.5,1,1,1,142.8
Islamabad,House,8.6,2,1,3,4.8,1,1,1,193.1
Multan,House,12.8,4,3,18,8.4,1,1,0,103.1
Faisalabad,House,16.7,6,5,4,0.2,1,1,0,198.4
Karachi,Flat,21.2,6,5,10,0.2,1,1,0,383.9
Bannu,Lower Portion,9.7,3,3,1,0.5,1,1,1,59.4
Karachi,Flat,11.5,3,2,7,3.5,1,0,0,161.6
Bannu,Upper Portion,14.3,5,4,5,1.6,1,1,1,91.5
Peshawar,House,10.6,3,2,31,24.9,1,1,0,67.7
Rawalpindi,Flat,7.4,3,3,15,4.7,0,1,1,90.9
Lahore,Upper Portion,11.5,4,3,5,6.5,1,1,0,141.4
Multan,Flat,7.7,2,1,12,2.0,0,1,1,57.1
Karachi,Lower Portion,17.2,5,4,2,2.3,0,1,0,181.6
Lahore,Flat,10.9,3,2,7,2.5,1,1,1,152.4
Islamabad,House,11.9,3,3,1,7.2,0,1,0,244.7
Rawalpindi,House,9.2,3,2,3,3.9,1,1,0,132.9
Rawalpindi,Flat,12.1,4,3,2,4.4,1,1,1,170.5
Peshawar,Upper Portion,19.2,7,5,10,5.4,0,0,1,193.1
Multan,House,17.9,6,5,5,8.8,1,1,0,255.7
Islamabad,Flat,8.1,3,2,11,0.6,0,1,0,126.3
Peshawar,Flat,4.6,2,2,6,9.0,1,1,1,42.9
Lahore,House,11.5,3,3,1,5.0,1,1,1,225.6
Multan,House,10.9,3,3,11,6.6,1,1,0,127.0
Faisalabad,House,10.7,4,2,14,2.4,0,1,0,90.1
Rawalpindi,House,9.9,2,1,19,3.2,1,1,1,142.2
Peshawar,House,8.1,3,2,7,1.6,0,1,0,101.4
Lahore,House,26.8,8,6,11,23.3,1,1,1,413.1
Karachi,House,23.4,8,7,11,4.1,1,1,1,612.3
Faisalabad,Flat,10.5,4,3,1,33.2,1,1,1,49.8
Karachi,Flat,12.8,4,3,1,4.0,1,1,1,202.0
Karachi,Flat,17.3,6,4,1,1.5,1,1,1,290.6
Karachi,House,12.7,3,3,3,4.2,1,1,1,315.3
Faisalabad,Lower Portion,10.2,4,5,5,0.2,1,1,1,93.8
Karachi,Upper Portion,7.5,3,2,45,14.1,0,0,0,25.8
Lahore,Lower Portion,12.2,4,3,5,10.2,1,1,0,149.7
Peshawar,House,7.8,3,2,10,7.8,1,1,0,84.0
Faisalabad,Upper Portion,18.7,5,4,9,5.6,0,1,1,141.9
Islamabad,Flat,12.0,4,3,2,5.2,0,1,0,166.7
Lahore,House,14.7,5,3,0,34.3,1,0,0,190.6
Islamabad,House,10.8,3,2,6,2.0,1,0,0,238.4
Karachi,Flat,16.4,5,4,10,9.1,1,1,1,294.8
Karachi,House,9.6,2,1,45,5.2,1,1,1,107.1
Peshawar,House,13.5,5,3,4,22.3,1,1,1,160.5
Peshawar,House,10.6,3,3,18,10.6,1,1,0,92.0
Rawalpindi,Flat,11.2,3,2,4,39.1,1,1,0,57.1
Karachi,Lower Portion,17.2,5,5,9,5.3,1,1,0,193.3
Faisalabad,Flat,9.2,3,3,7,1.4,1,0,0,89.6
Karachi,Flat,13.9,5,3,0,4.2,1,1,0,258.6
Bannu,House,19.5,6,4,1,7.5,1,1,0,208.8
Rawalpindi,Flat,17.0,5,4,0,8.9,1,1,0,251.1
Islamabad,House,9.7,2,1,4,0.2,0,1,0,160.6
Peshawar,Upper Portion,14.6,5,4,11,4.2,1,1,0,129.9
Lahore,House,6.5,2,2,2,1.6,1,0,0,139.3
Peshawar,House,17.5,6,5,7,12.5,0,1,0,197.5
Islamabad,House,29.8,8,6,3,1.0,0,1,0,908.3
Lahore,Upper Portion,13.6,4,4,13,6.6,1,1,0,144.3
Multan,Lower Portion,19.9,7,6,13,1.9,1,1,0,151.2
Lahore,House,7.4,1,1,12,2.6,1,1,0,113.1
Faisalabad,House,8.4,1,1,6,16.9,1,1,1,77.0
Lahore,Flat,10.8,3,2,3,1.7,1,1,0,165.6
Peshawar,Upper Portion,11.5,5,4,13,0.6,1,1,0,85.9
Peshawar,House,13.6,6,4,2,0.4,0,1,1,220.9
Rawalpindi,House,9.7,4,4,3,4.2,0,0,0,208.1
Lahore,House,12.8,4,3,2,6.2,1,1,0,239.1
Lahore,Flat,17.2,4,4,9,2.4,1,1,0,254.1
Islamabad,House,14.6,3,3,9,7.0,1,1,0,271.6
Lahore,House,10.6,3,2,8,0.4,1,1,0,191.6
Peshawar,House,15.9,5,5,4,11.7,0,1,0,210.4
Bannu,Flat,10.5,4,3,1,10.2,1,1,1,74.7
Multan,Lower Portion,12.6,5,4,19,25.4,1,1,0,46.2
Faisalabad,Upper Portion,16.9,5,3,6,16.5,1,0,1,118.0
Faisalabad,Flat,11.4,3,3,4,2.6,1,0,1,118.7
Peshawar,Upper Portion,7.7,2,1,7,3.1,1,1,1,54.5
Lahore,House,12.4,4,4,2,8.2,1,1,1,216.6
Multan,Flat,16.9,6,4,1,0.9,1,1,0,196.0
Peshawar,House,17.5,6,4,4,2.3,0,1,1,268.9
Rawalpindi,Flat,8.2,2,2,2,0.8,0,0,0,94.0
Islamabad,Lower Portion,15.7,5,5,2,3.6,0,1,1,217.6
Karachi,Upper Portion,11.1,4,3,18,4.8,1,1,0,129.9
Karachi,House,20.5,6,5,6,1.4,1,1,0,538.4
Multan,Flat,7.8,2,2,5,0.2,1,1,1,67.1
Rawalpindi,Lower Portion,15.6,5,4,9,7.6,1,1,0,116.0
Karachi,House,10.7,3,3,24,0.2,1,1,0,203.6
Bannu,Flat,9.8,4,2,1,21.8,1,1,0,50.2
Islamabad,House,17.2,6,4,14,1.5,0,1,1,419.7
Karachi,Upper Portion,18.2,5,4,7,6.5,1,1,0,160.8
Islamabad,House,5.9,2,1,1,3.4,1,0,0,123.4
Peshawar,House,17.3,5,4,3,0.4,1,1,1,268.0
Multan,Flat,11.9,3,3,5,3.8,1,1,0,92.8
Lahore,House,12.3,3,2,9,4.4,0,1,0,229.7
Multan,House,7.7,3,3,2,11.6,1,1,1,90.6
Lahore,Flat,15.2,5,4,6,7.9,1,1,0,239.6
Multan,Upper Portion,27.1,8,7,9,0.5,1,1,0,268.5
Peshawar,House,10.0,4,4,5,1.4,1,1,0,122.5
Faisalabad,Upper Portion,18.9,6,5,16,2.2,1,1,0,131.7
Islamabad,Upper Portion,12.1,5,4,16,0.7,0,0,0,151.0
Bannu,Flat,10.1,3,2,5,3.7,0,1,0,54.8
Peshawar,Flat,7.2,2,2,29,24.9,1,1,0,32.0
Lahore,House,19.9,5,4,1,4.3,0,0,0,389.0
Faisalabad,House,12.7,4,3,0,8.1,1,1,0,179.8
Lahore,House,10.3,3,2,4,6.9,1,1,1,178.6
Multan,House,10.9,4,3,7,11.4,1,1,1,144.7
Islamabad,House,15.6,5,4,8,1.5,1,1,0,478.7
Peshawar,House,10.3,2,2,5,8.4,0,1,0,106.5
Rawalpindi,Flat,8.6,2,1,1,12.8,1,1,1,103.1
Islamabad,Flat,11.7,3,2,1,1.1,1,1,0,200.0
Lahore,Upper Portion,11.5,2,1,15,2.6,1,1,1,130.7
Islamabad,House,11.4,3,2,16,21.1,1,0,0,147.6
Karachi,House,10.4,3,3,9,9.1,0,1,1,162.5
Lahore,House,19.2,7,5,9,2.0,1,1,0,256.0
Rawalpindi,House,31.2,8,6,7,5.0,1,1,0,594.9
Lahore,Flat,8.3,3,3,2,3.1,1,1,1,140.7
Lahore,House,5.6,1,1,4,4.0,1,1,1,119.8
Peshawar,House,11.2,4,4,10,2.6,0,1,0,137.4
Islamabad,House,5.8,3,2,6,2.0,0,0,1,141.4
Multan,House,6.9,1,1,0,6.7,1,1,0,65.2
Multan,House,10.1,3,2,25,9.0,1,1,0,72.3
Peshawar,House,15.6,5,5,15,12.4,1,1,0,189.0
Rawalpindi,House,11.1,4,3,2,1.0,1,1,0,141.8
Multan,House,5.2,1,1,8,10.4,0,1,1,44.6
Lahore,House,11.1,3,3,21,1.8,1,1,0,170.7
Islamabad,Flat,11.3,3,2,1,3.3,1,1,0,228.1
Lahore,House,11.4,4,3,6,13.9,1,1,0,180.2
Faisalabad,House,18.0,6,5,5,3.6,1,1,0,267.2
Islamabad,House,16.9,5,4,4,1.3,1,1,0,488.8
Rawalpindi,House,12.5,5,4,14,1.0,0,1,0,160.5
Bannu,House,24.9,7,5,4,3.8,1,1,1,266.9
Multan,House,7.1,2,2,1,8.6,1,1,0,68.8
Rawalpindi,House,10.0,4,3,1,35.3,1,1,0,97.7
Islamabad,House,11.6,4,4,0,9.3,1,0,0,282.7
Faisalabad,Upper Portion,12.1,4,3,4,12.6,1,1,0,76.0
Rawalpindi,Upper Portion,7.1,1,1,10,8.3,1,1,0,45.9
Islamabad,House,12.1,3,3,2,13.5,0,0,0,248.0
Islamabad,House,6.7,3,2,8,0.5,1,1,0,147.0
Multan,Flat,9.5,3,2,9,15.9,1,1,1,50.9
Peshawar,Upper Portion,12.7,3,2,2,3.0,1,1,0,80.3
Faisalabad,Lower Portion,7.5,3,3,7,15.3,1,1,1,43.8
Multan,House,13.7,4,3,9,0.5,1,1,0,134.9
Rawalpindi,House,9.0,4,3,5,7.5,0,0,0,160.1
Rawalpindi,Flat,10.6,4,3,3,8.0,1,1,0,113.0
Karachi,Upper Portion,14.6,5,5,8,34.7,1,0,0,99.1
Lahore,House,11.8,5,4,30,8.8,1,1,0,163.2
Karachi,Flat,13.6,4,4,4,2.9,1,1,1,227.2
Faisalabad,House,14.3,5,4,4,4.9,1,1,0,136.8
Rawalpindi,House,11.7,5,5,5,2.7,0,1,0,211.6
Multan,House,13.9,5,4,1,1.3,1,1,0,170.9
Karachi,House,9.4,3,2,6,1.7,1,1,0,199.2
Rawalpindi,Flat,14.6,3,2,3,1.5,1,1,0,180.1
Rawalpindi,Flat,11.2,3,3,1,4.8,0,1,1,146.2
Rawalpindi,Upper Portion,19.3,7,6,5,14.2,0,1,0,218.4
Peshawar,House,12.8,5,4,0,14.6,0,1,1,148.0
Lahore,House,9.9,3,2,4,0.3,1,1,0,190.9
Rawalpindi,House,14.7,4,4,1,0.5,1,0,0,217.1
Islamabad,House,19.7,5,5,0,1.7,0,1,0,511.8
Karachi,Flat,10.2,3,3,14,1.8,1,1,0,154.5
Karachi,House,9.6,3,3,20,0.6,1,0,0,157.2
Peshawar,House,4.7,1,1,2,3.0,1,0,0,55.9
Bannu,House,12.8,4,4,6,5.3,0,0,0,100.1
Rawalpindi,House,10.8,5,5,3,5.2,0,1,1,168.5
Peshawar,Flat,14.6,5,4,5,4.7,0,1,0,148.4
Karachi,House,14.7,4,3,5,2.5,1,1,1,338.5
Rawalpindi,Upper Portion,7.3,2,2,3,7.4,1,1,0,65.1
Islamabad,Flat,16.8,5,4,10,10.5,0,1,1,245.2
Lahore,House,9.1,2,1,1,2.6,1,1,0,161.0
Karachi,House,10.2,3,3,0,0.5,0,1,0,233.3
Karachi,Flat,5.3,2,2,12,2.1,0,1,1,72.1
Islamabad,House,13.8,4,3,9,0.9,1,1,0,384.9
Islamabad,Flat,8.1,3,2,6,3.8,1,1,0,143.7
Lahore,House,9.7,3,2,5,1.0,1,0,0,200.3
Bannu,House,7.8,1,1,6,3.7,1,0,0,54.2
Karachi,Lower Portion,17.4,6,6,5,1.5,1,1,1,201.0
Karachi,Flat,10.6,3,3,4,8.1,1,1,1,151.4
Lahore,House,7.6,2,3,6,0.2,1,1,1,147.0
Rawalpindi,House,7.7,2,1,6,4.9,1,1,1,112.7
Lahore,House,16.3,5,4,9,1.1,0,1,0,331.2
Lahore,Flat,8.9,3,2,10,0.2,1,1,0,136.3
Rawalpindi,House,10.2,2,1,4,12.2,1,1,1,144.2
Islamabad,House,12.3,4,3,4,6.7,0,1,0,300.1
Islamabad,Lower Portion,10.8,2,2,4,0.6,1,1,0,128.2
Lahore,House,6.2,2,2,6,6.5,0,1,0,106.0
Islamabad,House,15.2,5,5,5,5.7,1,1,1,413.4
Islamabad,Flat,11.1,4,3,18,3.8,1,1,0,166.2
Karachi,House,13.6,5,5,10,3.3,1,0,1,363.1
Faisalabad,House,15.6,4,3,18,13.1,0,1,0,143.2
Rawalpindi,House,5.7,2,2,10,1.7,1,1,0,70.3
Rawalpindi,Upper Portion,15.7,5,5,28,3.0,1,1,1,128.5
Lahore,House,28.6,8,7,8,2.4,0,0,1,707.8
Bannu,House,14.1,5,4,26,8.8,1,1,0,110.8
Karachi,Flat,19.5,6,5,1,14.9,1,1,0,299.2
Islamabad,House,17.2,5,4,0,11.4,1,1,0,351.2
Rawalpindi,Flat,15.5,4,3,7,9.6,0,1,1,182.8
Islamabad,House,17.4,6,5,33,26.0,1,1,0,201.3
Karachi,Flat,18.6,6,5,4,7.2,0,1,0,310.6
Karachi,Flat,18.9,7,6,2,8.3,1,1,1,367.3
Multan,Upper Portion,7.7,2,1,6,24.4,1,1,0,35.0
Karachi,House,17.8,5,4,8,0.2,1,1,0,376.7
Peshawar,Upper Portion,11.1,3,3,3,6.0,0,1,1,80.6
Bannu,House,19.1,6,5,10,8.1,1,1,1,163.0
Islamabad,Flat,14.6,4,3,30,15.0,1,1,1,171.0
Lahore,House,7.7,4,4,18,12.9,1,1,0,118.8
Karachi,House,20.2,5,4,3,11.1,1,1,1,392.8
Karachi,House,9.2,3,2,3,17.5,1,1,1,141.7
Karachi,House,10.9,5,4,4,4.6,1,1,0,309.5
Multan,House,22.1,7,6,4,0.2,0,1,0,354.0
Peshawar,Flat,12.8,4,3,1,0.2,1,1,0,153.8
Rawalpindi,House,10.7,3,3,11,4.7,1,1,1,166.9
Lahore,Flat,11.8,3,2,4,3.4,1,0,1,209.5
Faisalabad,House,10.6,4,3,17,3.6,0,1,1,97.5
Bannu,House,16.3,6,6,21,3.1,1,0,0,140.3
Faisalabad,House,10.7,3,2,0,15.0,0,1,0,98.0
Islamabad,House,12.0,3,2,36,2.7,1,0,0,151.9
Rawalpindi,House,15.0,3,3,10,11.6,1,1,1,228.8
Islamabad,Lower Portion,14.4,4,3,6,14.0,0,1,0,142.7
Lahore,House,9.4,3,3,4,4.2,1,1,0,176.4
Islamabad,Flat,16.4,6,5,6,3.6,1,1,0,301.0
Rawalpindi,House,10.0,4,4,3,8.6,1,1,0,124.0
Peshawar,Upper Portion,8.3,3,2,8,7.4,1,1,0,60.6
Islamabad,House,6.3,2,2,1,2.4,1,1,1,133.0
Karachi,Upper Portion,11.4,3,2,8,0.6,1,1,0,173.1
Karachi,House,6.7,3,3,3,1.8,0,1,0,137.2
Karachi,House,9.0,3,2,0,0.8,1,1,0,237.6
Islamabad,House,12.1,2,2,6,2.1,0,1,0,192.8
Karachi,House,18.4,5,3,7,1.8,1,1,1,481.3
Peshawar,House,11.0,3,3,4,6.1,0,1,0,144.5
Islamabad,House,7.2,2,1,1,18.5,1,1,0,137.2
Islamabad,Flat,11.7,4,2,18,6.9,1,1,1,136.2
Karachi,House,18.1,6,5,8,15.7,0,1,0,303.0
Bannu,House,10.9,3,2,1,9.2,1,1,1,97.3
Peshawar,House,19.6,7,5,6,7.8,1,1,0,281.0
Peshawar,Flat,12.1,3,3,6,3.2,1,1,0,118.3
Karachi,House,15.7,6,5,0,2.4,1,1,0,402.2
Rawalpindi,Flat,13.2,4,4,7,11.2,1,1,0,173.4
Islamabad,House,19.3,6,5,13,14.1,1,1,1,528.8
Rawalpindi,House,25.6,8,7,11,3.6,1,0,1,522.1
Multan,House,10.2,3,2,2,0.2,1,1,0,129.0
Rawalpindi,Upper Portion,12.9,4,4,16,9.4,0,0,0,96.9
Multan,House,18.4,6,5,3,2.0,1,1,1,311.6
Peshawar,House,13.4,4,2,23,0.2,1,1,0,152.7
Islamabad,Flat,6.2,1,1,1,9.8,1,1,0,76.0
Multan,House,10.9,5,4,5,4.4,1,1,0,123.8
Islamabad,Flat,13.3,4,3,7,6.9,1,1,0,188.9
Rawalpindi,Lower Portion,21.4,7,5,2,14.8,1,1,0,260.0
Islamabad,Lower Portion,12.6,3,2,12,4.7,1,1,0,146.4
Islamabad,House,8.8,3,3,8,4.2,1,1,0,175.5
Karachi,House,13.4,4,2,0,2.1,0,1,1,288.4
Lahore,Upper Portion,20.5,7,6,7,2.2,1,1,0,328.0
Karachi,House,9.6,1,1,5,9.6,1,1,0,178.7
Rawalpindi,House,10.1,3,2,2,3.6,1,1,0,181.1
Islamabad,House,9.7,2,2,44,1.1,1,0,1,104.6
Islamabad,House,7.5,3,2,18,0.6,1,0,0,144.6
Rawalpindi,Lower Portion,12.4,3,3,3,3.8,1,1,0,114.4
Karachi,Flat,11.9,3,3,6,3.8,1,1,1,174.8
Peshawar,House,6.5,2,2,3,6.4,1,1,0,67.4
Peshawar,Upper Portion,9.0,2,2,12,3.8,1,1,0,61.1
Faisalabad,House,13.0,4,3,21,0.9,0,1,1,138.2
Peshawar,Upper Portion,15.6,4,3,4,4.3,1,1,0,131.4
Karachi,House,17.2,4,3,13,14.2,1,1,0,307.7
Peshawar,House,16.1,6,5,6,1.0,1,1,0,289.0
Lahore,House,12.2,3,2,4,7.0,1,1,1,215.5
Lahore,House,7.1,2,2,22,5.4,1,1,0,107.4
Faisalabad,House,11.2,4,4,6,8.3,0,1,1,143.5
Karachi,House,5.1,1,1,5,1.0,1,1,1,100.5
Faisalabad,Lower Portion,13.1,4,3,9,17.0,1,1,0,67.7
Faisalabad,Upper Portion,9.5,3,2,2,5.8,0,1,1,64.8
Multan,Flat,5.7,3,3,3,11.3,1,1,0,54.4
Multan,Upper Portion,13.9,4,3,22,1.7,1,0,0,77.2
Karachi,Lower Portion,20.4,6,5,9,8.1,1,1,0,257.4
Lahore,Flat,6.8,1,1,14,9.1,1,1,0,69.0
Rawalpindi,House,14.4,4,3,3,3.0,1,1,0,235.6
Karachi,Upper Portion,10.5,3,3,6,2.9,1,1,0,112.1
Rawalpindi,Flat,9.2,2,2,28,6.4,0,1,0,76.2
Peshawar,House,9.2,3,2,3,0.6,1,1,0,133.1
Peshawar,House,10.5,2,2,1,8.0,0,0,1,115.4
Karachi,House,10.5,3,2,6,0.3,1,1,0,200.1
Lahore,Lower Portion,12.0,4,4,4,1.3,1,1,1,157.6
Karachi,Flat,8.8,2,1,1,6.5,1,1,1,126.9
Islamabad,Upper Portion,9.5,3,3,18,0.6,1,0,0,106.1
Multan,Flat,14.9,5,3,37,21.4,1,1,0,48.6
Karachi,House,8.6,4,4,7,12.2,1,1,0,167.1
Lahore,Flat,13.4,3,2,12,5.9,1,1,1,184.4
Islamabad,House,10.7,3,2,16,10.3,0,1,0,194.3
Peshawar,House,9.9,3,2,10,13.1,1,1,0,95.3
Rawalpindi,Upper Portion,23.0,7,6,0,1.8,1,1,0,290.6
Karachi,Flat,7.6,1,1,1,11.4,1,1,0,79.2
Islamabad,Upper Portion,20.9,7,5,1,1.3,0,1,0,400.3
Karachi,House,16.4,6,5,0,3.2,1,1,0,479.8
Lahore,Flat,9.6,3,2,3,4.9,1,1,0,139.2
Peshawar,House,16.6,4,3,4,7.5,0,1,1,175.7
Rawalpindi,House,4.6,1,2,2,0.2,1,1,1,66.7
Karachi,House,9.3,4,3,1,2.1,1,1,0,204.8
Lahore,Flat,8.6,3,3,6,5.6,1,1,1,143.8
Bannu,House,14.0,5,4,3,2.7,1,1,1,148.8
Karachi,House,15.7,5,4,13,9.0,1,1,0,246.4
Peshawar,Flat,13.9,4,4,0,6.3,1,1,0,150.1
Islamabad,Flat,12.7,4,4,15,1.6,1,1,1,196.0
Karachi,House,17.0,5,4,25,0.9,1,1,0,287.7
Islamabad,House,16.1,5,5,10,6.0,1,1,1,437.6
Karachi,Lower Portion,9.5,4,3,11,3.6,1,1,0,115.3
Bannu,Lower Portion,9.9,4,3,22,1.1,0,0,0,40.6
Karachi,House,15.8,4,3,2,2.4,1,1,0,365.1
Islamabad,House,11.9,4,3,42,2.2,0,1,0,157.9
Islamabad,Flat,12.2,4,3,12,0.7,0,1,0,180.2
Karachi,House,12.8,4,3,10,4.7,0,1,0,237.7
Lahore,House,6.3,2,1,4,8.7,0,1,0,96.5
Islamabad,House,9.4,5,5,6,5.1,1,1,0,231.4
Peshawar,House,14.5,4,3,8,10.5,1,1,0,137.9
Karachi,Flat,9.4,2,2,8,0.8,1,1,1,144.7
Lahore,House,11.1,4,4,10,3.4,0,1,0,244.6
Multan,House,14.4,6,5,1,5.6,1,1,1,177.6
Islamabad,Upper Portion,17.4,5,4,4,6.8,1,1,1,222.0
Bannu,Upper Portion,18.2,6,4,5,7.1,1,0,0,81.8
Lahore,Upper Portion,18.6,7,5,2,7.8,1,1,0,339.2
Multan,House,11.5,4,2,2,6.3,0,1,1,138.2
Rawalpindi,House,11.1,3,2,1,0.6,1,1,1,197.5
Faisalabad,House,7.9,3,2,4,7.1,1,1,0,88.7
Bannu,House,20.4,7,6,5,7.7,1,1,1,217.1
Lahore,House,10.9,4,4,1,30.2,1,1,0,128.4
Bannu,Upper Portion,20.2,7,6,23,7.1,1,1,0,86.5
Karachi,Lower Portion,13.5,4,3,12,7.0,1,1,0,137.4
Karachi,Upper Portion,17.7,6,5,10,4.3,1,1,0,221.5
Karachi,Flat,11.8,4,4,2,12.1,0,1,1,171.8
Rawalpindi,Flat,15.0,5,4,7,34.5,1,1,1,110.1
Lahore,Flat,18.0,6,5,6,9.1,1,0,0,239.7
Rawalpindi,Lower Portion,10.1,3,3,32,5.7,1,1,0,74.9
Rawalpindi,Flat,18.7,7,5,11,0.5,1,1,0,289.5
Faisalabad,House,8.2,4,5,7,7.8,0,1,0,78.8
Faisalabad,House,22.7,6,5,15,7.4,1,1,0,182.9
Karachi,Flat,12.8,4,3,1,9.0,1,1,0,185.4
Lahore,House,9.4,2,2,0,0.8,1,1,0,209.0
Lahore,Upper Portion,16.3,5,4,9,6.4,1,1,0,204.0
Lahore,Flat,13.7,5,4,1,2.1,1,1,1,251.1
Islamabad,Flat,6.4,2,2,1,8.6,0,1,1,92.0
Karachi,House,10.5,3,2,11,1.6,1,1,0,183.1
Lahore,House,8.4,1,1,3,6.9,1,1,0,134.4
Bannu,House,8.6,2,2,8,2.1,1,1,0,59.0
Rawalpindi,Flat,8.5,3,3,20,0.2,0,1,0,79.8
Karachi,House,14.7,3,3,3,6.0,0,1,1,358.7
Rawalpindi,Lower Portion,16.8,6,5,2,0.7,1,0,0,167.3
Islamabad,Flat,9.1,3,2,1,6.5,1,1,0,161.1
Karachi,Flat,5.9,3,3,1,15.6,1,1,0,86.9
Rawalpindi,Upper Portion,5.1,1,2,1,20.9,0,1,1,30.0
Karachi,Lower Portion,24.9,6,5,1,1.6,1,1,0,329.4
Karachi,House,12.9,4,3,5,9.9,0,1,0,272.9
Bannu,Upper Portion,16.4,6,5,3,2.6,1,1,1,95.3
Multan,House,11.3,4,5,10,13.8,1,1,0,108.4
Rawalpindi,House,5.6,1,1,16,9.3,1,1,0,77.5
Rawalpindi,House,14.2,4,3,12,0.5,0,1,0,242.5
Rawalpindi,Flat,21.8,6,5,6,3.1,1,1,1,329.5
Lahore,House,9.6,2,2,1,2.5,0,0,1,205.0
Karachi,Flat,5.4,2,1,10,9.2,0,1,0,62.9
Islamabad,Flat,7.9,2,2,4,3.2,1,1,0,143.3
Karachi,Flat,16.7,5,4,1,6.9,1,1,0,218.9
Rawalpindi,House,13.7,4,4,15,5.5,1,1,0,196.4
Lahore,Upper Portion,18.7,5,5,3,22.3,1,1,0,135.3
Bannu,Flat,12.2,4,4,2,16.7,1,1,0,69.1
Multan,House,15.6,6,4,16,3.3,1,0,0,162.8
Peshawar,Lower Portion,10.4,3,3,19,7.7,1,1,1,68.7
Rawalpindi,House,8.1,1,1,3,10.6,1,1,0,113.9
Multan,House,15.6,5,4,4,13.7,1,1,0,154.1
Islamabad,Flat,16.8,6,4,7,0.4,0,1,0,299.6
Faisalabad,House,9.7,3,2,11,2.2,0,1,0,106.3
Islamabad,House,21.0,6,4,1,2.3,1,1,0,537.9
Faisalabad,Upper Portion,21.2,7,5,7,3.4,0,1,0,170.3
Lahore,House,8.5,4,3,24,1.1,1,1,1,167.8
Multan,House,8.7,2,1,2,4.1,1,1,1,87.8
Bannu,Flat,8.8,2,3,19,6.5,1,1,0,39.9
Islamabad,Flat,11.6,4,3,24,4.1,1,0,0,142.7
Karachi,Flat,10.6,4,4,3,6.6,0,1,0,229.4
Bannu,Upper Portion,7.5,2,1,11,0.4,1,1,1,38.2
Karachi,House,8.9,2,1,2,12.5,0,1,0,165.3
Multan,Flat,5.6,2,2,11,16.8,1,0,0,34.4
Rawalpindi,Flat,5.9,2,1,13,5.8,1,1,1,66.1
Karachi,House,7.0,2,1,2,12.8,1,1,1,133.9
Lahore,Lower Portion,24.3,8,6,10,0.8,0,1,1,346.3
Lahore,Upper Portion,23.1,6,5,13,9.6,1,1,1,227.2
Faisalabad,House,16.0,5,5,4,0.8,1,1,0,239.1
Karachi,Flat,9.7,3,3,1,3.1,0,1,1,162.2
Rawalpindi,Flat,7.0,2,2,1,2.3,1,0,0,88.4
Karachi,House,12.1,4,3,7,5.3,1,1,1,264.0
Rawalpindi,Upper Portion,14.3,4,4,31,2.2,1,1,0,110.4
Multan,Flat,9.2,4,3,14,6.1,1,1,0,76.2
Bannu,Flat,14.0,5,4,5,2.7,1,1,0,64.4
Karachi,House,7.8,2,2,6,11.8,1,1,0,125.8
Faisalabad,House,9.8,4,4,3,6.0,1,1,0,95.7
Faisalabad,House,11.1,4,4,1,1.5,1,1,0,158.2
Rawalpindi,Flat,23.4,7,5,5,2.5,0,0,0,311.1
Bannu,Flat,8.9,3,3,5,11.3,1,1,0,57.6
Lahore,House,14.3,4,3,6,2.9,1,1,0,298.7
Islamabad,House,28.9,8,6,24,4.6,1,1,0,583.5
Multan,House,8.4,2,1,7,6.3,0,1,0,85.3
Karachi,Flat,8.0,2,2,7,2.6,1,1,1,120.1
Faisalabad,Flat,9.2,4,4,1,2.1,1,1,0,89.0
Multan,House,12.3,5,4,45,3.9,1,0,0,75.6
Islamabad,House,22.1,6,5,12,1.5,1,1,0,654.0
Multan,House,9.7,3,2,17,2.0,1,1,1,107.9
Karachi,House,16.8,5,4,4,0.4,1,0,0,431.4
Rawalpindi,Flat,23.9,8,6,6,2.2,1,0,0,483.1
Rawalpindi,House,13.4,4,3,6,2.3,1,1,1,219.0
Multan,House,18.0,6,5,2,19.6,1,1,1,177.0
Islamabad,Flat,9.0,3,2,9,5.3,1,1,1,147.2
Karachi,Lower Portion,14.1,4,3,19,9.3,1,1,0,149.9
Peshawar,Lower Portion,15.5,6,5,1,0.3,0,1,1,125.1
Peshawar,Lower Portion,7.3,2,1,1,0.7,1,1,0,61.8
Peshawar,Flat,8.7,3,2,11,10.1,0,1,1,55.6
Islamabad,Flat,10.9,4,3,3,5.9,1,1,1,197.1
Lahore,Flat,9.3,3,3,8,1.3,1,1,1,148.5
Karachi,Upper Portion,11.3,4,3,10,3.1,1,1,0,125.2
Faisalabad,Lower Portion,7.0,2,1,3,4.6,1,0,1,40.4
Lahore,House,22.9,7,6,14,11.1,1,1,0,477.2
Lahore,House,17.5,5,5,6,0.4,1,1,0,475.0
Bannu,House,38.9,8,7,16,5.4,1,1,0,267.9
Islamabad,Flat,7.6,2,2,12,7.6,1,0,0,102.0
Bannu,Flat,14.3,4,4,16,22.9,1,0,0,55.2
Peshawar,Upper Portion,9.3,3,3,0,9.9,1,0,0,66.7
Faisalabad,House,8.0,2,2,2,1.9,1,1,0,92.1
Lahore,House,17.1,4,3,1,7.4,1,1,0,291.5
Islamabad,Lower Portion,12.4,5,5,5,8.6,1,1,1,200.8
Peshawar,House,10.6,4,3,18,7.9,1,1,1,130.7
Faisalabad,House,13.5,5,3,5,10.3,1,0,0,148.4
Peshawar,Flat,8.8,4,3,15,14.0,0,1,1,60.0
Islamabad,House,8.7,2,2,3,0.6,1,0,0,177.7
Peshawar,House,9.4,4,3,3,0.7,1,1,1,96.9
Faisalabad,House,18.4,5,4,18,9.5,1,1,0,191.0
Peshawar,House,17.9,6,4,4,1.7,1,1,1,312.1
Faisalabad,Flat,7.5,1,1,12,0.4,0,1,1,58.1
Faisalabad,House,22.5,7,5,2,3.1,1,0,0,326.8
Rawalpindi,House,12.0,4,2,24,10.3,0,1,0,128.3
Islamabad,House,14.2,4,4,7,0.8,1,1,0,311.1
Karachi,Flat,9.3,3,2,11,6.7,1,1,0,118.3
Islamabad,House,12.3,4,3,1,0.2,1,0,0,302.7
Karachi,House,8.0,2,2,5,0.7,1,0,0,174.5
Karachi,House,9.1,2,2,19,2.6,0,1,0,167.0
Islamabad,House,16.6,6,4,17,0.5,1,1,0,367.7
Karachi,House,16.7,5,4,0,11.2,1,1,1,336.9
Islamabad,House,14.5,5,4,3,12.0,1,1,1,340.7
Faisalabad,Lower Portion,10.4,4,4,5,8.5,1,0,0,81.1
Bannu,Upper Portion,7.5,1,1,2,1.7,1,1,0,31.6
Islamabad,Flat,19.3,7,6,10,4.4,0,1,0,392.9
Bannu,House,17.2,7,5,2,1.2,0,0,0,202.7
Rawalpindi,Flat,6.1,2,1,3,2.0,1,1,0,68.0
Lahore,House,16.8,6,4,9,4.4,1,1,1,343.1
Islamabad,Flat,10.6,4,4,5,8.0,1,1,1,201.1
Karachi,House,15.7,5,4,11,0.6,1,1,0,368.3
Faisalabad,Upper Portion,7.0,2,2,26,2.1,0,1,0,36.5
Peshawar,Lower Portion,9.5,2,2,1,15.7,1,1,1,69.9
Islamabad,House,12.6,4,2,10,3.4,0,1,1,276.8
Islamabad,House,22.9,8,7,2,16.8,0,0,1,466.0
Karachi,Flat,12.6,4,3,4,28.5,1,1,0,127.7
Lahore,House,18.2,6,5,0,4.5,1,1,0,452.6
Lahore,Lower Portion,13.2,4,3,1,2.0,0,0,0,170.2
Lahore,House,13.1,4,3,3,9.4,1,1,0,243.4
Faisalabad,House,14.8,6,5,3,1.0,1,1,1,222.7
Multan,Flat,11.9,4,4,18,1.7,0,1,0,73.1
Karachi,House,16.4,5,5,11,9.2,1,1,1,372.3
Multan,House,8.2,3,3,29,3.4,1,1,0,90.1
Lahore,Flat,11.9,3,2,7,1.4,1,1,1,178.2
Karachi,Flat,23.7,8,6,2,6.3,0,0,0,464.2
Lahore,Flat,18.5,5,4,3,7.9,1,1,0,268.9
Peshawar,Flat,13.7,3,2,3,0.8,1,1,0,114.8
Bannu,House,17.4,5,3,3,1.9,0,1,0,166.2
Rawalpindi,House,21.1,5,4,9,1.5,0,1,1,373.8
Karachi,House,5.9,1,1,6,2.9,0,1,0,74.3
Peshawar,Lower Portion,11.0,3,2,4,8.6,0,1,1,83.7
Islamabad,House,9.5,3,2,1,7.5,1,1,0,215.6
Multan,House,7.2,2,2,0,6.5,1,1,0,77.9
Karachi,Lower Portion,25.1,8,6,2,0.2,1,1,1,409.9
Karachi,Lower Portion,15.1,6,5,1,0.9,1,1,1,249.7
Rawalpindi,Upper Portion,17.2,6,4,12,1.5,1,1,0,188.6
Rawalpindi,House,9.6,3,2,1,1.9,1,1,1,181.4
Islamabad,Flat,10.9,4,3,10,0.9,1,1,0,210.0
Peshawar,House,12.1,3,3,4,3.2,0,1,0,172.2
Lahore,Upper Portion,14.1,4,4,1,0.5,1,1,1,257.7
Peshawar,House,16.2,4,4,13,8.3,1,1,0,163.4
Faisalabad,House,6.3,2,2,7,9.3,0,1,0,55.6
Faisalabad,House,15.8,7,6,2,5.1,0,1,0,235.7
Rawalpindi,House,11.2,4,3,18,0.6,1,1,0,148.9
Rawalpindi,Flat,21.4,5,4,0,13.2,1,1,0,238.8
Islamabad,Upper Portion,19.7,6,4,2,20.2,1,1,0,245.0
Faisalabad,Flat,13.5,4,4,11,1.4,0,1,1,138.0
Lahore,House,12.3,4,3,10,7.3,1,1,0,255.3
Karachi,Upper Portion,10.8,3,2,3,11.1,1,1,0,117.6
Lahore,House,14.1,5,4,1,4.7,1,0,1,343.7
Islamabad,House,19.3,5,4,16,2.3,1,1,0,432.1
Rawalpindi,House,12.4,3,2,3,3.9,1,1,1,211.8
Islamabad,House,9.9,4,4,2,4.3,1,1,1,233.1
Peshawar,House,12.3,3,2,6,3.1,0,1,1,135.2
Lahore,House,13.6,5,3,19,15.9,1,0,0,199.1
Islamabad,Lower Portion,8.0,2,2,0,8.2,0,1,0,78.7
Rawalpindi,Upper Portion,7.3,4,3,12,1.7,1,1,0,54.3
Islamabad,House,10.0,3,2,7,5.3,1,1,0,207.1
Lahore,House,21.4,7,5,4,7.0,0,1,0,545.5
Peshawar,House,18.8,6,5,11,0.9,1,1,0,178.2
Islamabad,House,6.8,2,2,27,2.7,0,1,0,96.5
Faisalabad,House,8.6,3,2,2,14.2,0,1,0,89.1
Islamabad,House,16.1,5,4,1,5.0,1,0,0,311.3
Lahore,Flat,10.4,4,3,20,1.5,1,1,1,137.6
Peshawar,Flat,14.4,5,4,9,0.8,1,1,0,129.0
Lahore,House,6.9,2,2,5,4.4,1,1,0,110.8
Islamabad,Flat,12.2,4,3,7,4.8,1,0,0,188.8
Karachi,Flat,11.8,5,4,11,2.4,1,1,0,167.5
Lahore,House,17.2,6,5,12,6.0,1,1,0,297.0
Faisalabad,House,14.1,4,3,20,0.4,1,1,0,147.5
Lahore,Upper Portion,12.8,4,4,4,0.9,1,1,0,215.6
Faisalabad,Flat,6.4,2,1,3,4.7,1,1,1,61.0
Multan,House,24.0,7,6,8,0.4,0,1,0,361.2
Karachi,Flat,15.6,4,3,4,12.8,1,1,0,242.9
Multan,House,9.3,3,3,7,0.9,1,1,0,97.6
Karachi,Flat,12.7,5,4,4,6.7,1,1,0,221.3
Bannu,House,10.5,4,3,1,3.0,1,1,0,110.4
Islamabad,House,11.3,2,2,5,3.1,0,1,0,252.2
Peshawar,Flat,18.7,7,6,9,8.7,1,0,1,202.2
Karachi,Flat,8.6,3,3,13,4.2,1,1,0,128.9
Karachi,House,15.9,5,3,5,7.8,1,1,0,435.7
Rawalpindi,House,19.0,6,5,1,4.2,1,0,0,399.9
Peshawar,House,14.9,4,3,4,5.4,0,1,1,187.0
Islamabad,House,11.5,3,3,12,8.6,1,1,0,215.5
Lahore,House,9.1,4,3,4,5.6,1,1,0,159.2
Peshawar,Flat,9.5,3,2,10,5.7,1,1,1,108.0
Peshawar,House,12.8,3,3,6,9.3,0,1,1,175.3
Bannu,Flat,12.4,4,3,2,17.9,0,1,0,62.9
Faisalabad,Flat,16.6,5,4,13,2.8,1,1,0,188.2
Bannu,House,7.0,3,2,1,5.2,1,0,0,61.6
Peshawar,Flat,18.6,6,4,6,0.5,0,1,0,188.1
Lahore,Lower Portion,30.5,8,6,2,2.7,0,1,0,469.7
Islamabad,House,11.9,4,3,1,3.2,1,1,1,326.5
Faisalabad,Upper Portion,11.2,4,2,6,10.8,1,1,1,82.7
Peshawar,Flat,11.6,3,2,6,4.3,0,1,0,83.3
Islamabad,Flat,12.6,5,5,10,7.9,1,1,1,201.1
Karachi,House,10.9,4,3,11,0.2,1,1,1,290.1
Bannu,Flat,5.9,2,1,10,3.7,1,1,1,40.6
Karachi,House,11.5,4,3,4,13.9,1,1,1,264.5
Karachi,Flat,8.4,2,2,8,1.5,1,1,0,157.0
Karachi,Upper Portion,12.9,4,4,7,0.2,1,1,0,191.2
Lahore,House,19.4,6,5,4,3.4,1,1,0,481.7
Karachi,House,8.5,3,3,7,7.3,1,1,0,146.7
Karachi,House,22.5,8,5,24,3.6,1,1,0,416.4
Islamabad,House,10.6,3,2,2,3.7,0,1,0,174.7
Faisalabad,Upper Portion,8.9,3,2,19,6.6,1,1,0,46.7
Karachi,House,15.6,5,4,0,1.8,1,1,0,299.2
Faisalabad,House,10.2,4,3,3,8.4,1,1,0,135.5
Multan,House,12.0,4,3,3,1.0,1,1,0,156.6
Lahore,Upper Portion,12.3,4,3,8,3.0,1,1,0,110.7
Peshawar,House,15.3,5,4,1,6.4,0,1,0,199.6
Karachi,Lower Portion,11.8,3,3,17,10.6,0,1,0,121.6
Multan,Flat,11.4,4,4,14,9.4,1,1,1,86.0
Lahore,Upper Portion,10.5,3,2,8,7.7,1,1,0,95.7
Peshawar,House,14.7,4,3,5,2.7,1,0,0,149.4
Rawalpindi,House,10.0,4,3,22,0.8,1,1,0,108.3
Lahore,House,19.7,5,4,14,1.5,1,1,0,416.6
Islamabad,House,12.3,4,3,6,12.0,1,1,0,232.9
Peshawar,Flat,6.5,3,3,10,11.7,1,0,0,46.9
Peshawar,House,13.6,4,3,7,18.2,0,1,1,128.2
Lahore,House,14.5,4,3,7,0.5,0,0,1,291.9
Peshawar,Flat,19.8,6,4,3,4.6,0,1,0,175.5
Karachi,House,9.2,3,3,5,6.3,1,1,0,193.2
Peshawar,House,8.8,2,1,1,7.4,0,0,0,77.0
Lahore,House,15.5,5,4,4,6.2,1,1,0,297.2
Multan,Flat,18.5,7,6,10,8.8,1,1,1,197.5
Lahore,House,9.1,2,1,24,2.7,1,0,0,127.6
Karachi,Flat,13.4,4,4,26,1.2,1,1,0,185.9
Islamabad,House,11.9,3,2,6,1.4,1,1,0,335.4
Islamabad,House,9.2,3,2,7,0.2,0,1,0,195.8
Rawalpindi,Upper Portion,11.7,3,3,2,2.6,0,1,1,121.4
Lahore,Flat,18.0,6,6,10,0.6,0,1,0,288.7
Faisalabad,Flat,12.3,4,4,1,2.3,0,1,0,113.7
Islamabad,Flat,11.4,4,4,3,5.9,1,1,0,178.0
Karachi,House,15.2,4,3,9,13.5,1,0,0,261.0
Karachi,Upper Portion,18.6,6,5,3,11.0,1,1,0,260.1
Islamabad,Flat,8.5,2,1,0,1.7,1,1,0,150.5
Islamabad,Flat,13.7,5,4,14,0.9,1,1,0,237.3
Karachi,Upper Portion,10.6,3,2,3,1.3,0,1,0,147.1
Karachi,House,12.4,5,3,1,21.2,0,1,0,203.2
Karachi,Flat,15.6,6,5,1,4.8,1,1,0,283.2
Rawalpindi,Lower Portion,11.0,3,2,2,1.2,1,1,0,91.3
Rawalpindi,House,11.8,3,2,2,11.0,1,1,0,138.7
Islamabad,House,17.4,5,4,12,3.0,1,1,1,494.4
Karachi,Flat,14.3,6,5,3,13.8,0,1,0,198.7
Bannu,House,11.7,3,3,13,1.8,1,1,0,81.2
Rawalpindi,Upper Portion,12.8,5,4,2,3.0,0,1,1,137.7
Peshawar,House,12.5,3,2,5,4.2,1,1,0,147.5
Lahore,Flat,6.4,1,1,9,13.4,1,1,1,84.5
Faisalabad,House,12.9,4,4,8,12.2,1,1,1,139.1
Faisalabad,House,7.6,2,1,7,5.1,0,1,0,98.8
Rawalpindi,Upper Portion,18.4,6,5,21,1.5,1,1,1,183.5
Bannu,Flat,7.5,2,2,2,3.1,0,1,0,55.4
Islamabad,House,10.5,3,3,5,22.3,1,1,0,184.4
Islamabad,House,9.8,4,3,17,5.6,1,1,1,207.4
Faisalabad,Flat,21.1,7,6,1,9.1,1,1,0,267.5
Faisalabad,Upper Portion,18.1,6,5,0,3.6,1,1,0,183.4
Islamabad,Flat,5.3,2,2,2,4.6,0,1,1,93.3
Lahore,Flat,12.1,4,2,8,3.4,0,1,1,224.6
Islamabad,House,8.0,2,1,2,7.3,0,0,0,139.7
Lahore,Upper Portion,12.9,3,3,2,11.4,0,1,1,123.4
Faisalabad,Flat,15.5,5,3,5,4.2,1,1,0,135.6
Rawalpindi,House,13.3,3,3,8,3.9,0,1,0,237.6
Karachi,House,15.8,4,3,2,2.5,1,0,0,416.5
Karachi,Flat,11.1,4,3,3,1.2,1,1,0,181.8
Islamabad,Upper Portion,13.5,6,5,8,16.8,1,1,0,116.3
Lahore,Flat,15.6,5,4,23,2.3,1,1,0,194.8
Peshawar,Upper Portion,10.3,4,4,9,9.7,1,1,0,62.8
Bannu,House,8.8,3,2,12,7.5,1,1,0,58.1
Faisalabad,Flat,9.6,2,2,4,9.4,1,1,1,68.9
Islamabad,Upper Portion,11.6,4,3,3,16.6,1,1,0,106.8
Multan,House,12.2,4,3,5,5.9,1,0,0,163.4
Faisalabad,House,13.8,4,4,13,13.7,1,1,1,129.1
Faisalabad,Flat,9.2,3,3,5,1.1,1,1,0,100.5
Karachi,Upper Portion,15.8,6,5,15,5.9,1,1,1,202.9
Karachi,House,23.0,6,5,36,8.9,0,1,0,258.8
Lahore,House,9.8,3,2,1,1.9,0,1,0,205.0
Islamabad,House,28.2,8,6,0,8.1,0,1,0,727.3
Lahore,House,24.3,8,7,1,9.0,1,1,0,587.2
Lahore,House,12.2,3,2,4,10.7,1,1,0,214.1
Karachi,Flat,11.5,3,2,1,2.3,1,1,0,171.7
Peshawar,Upper Portion,9.5,2,2,16,6.9,1,0,1,45.8
Karachi,Flat,16.7,5,4,0,2.2,0,0,0,291.3
Islamabad,House,12.5,3,2,3,8.1,1,1,0,291.3
Bannu,Upper Portion,13.0,4,4,2,3.7,1,1,1,68.7
Bannu,Flat,8.9,4,3,21,5.5,1,0,0,44.6
Faisalabad,House,16.9,5,4,9,3.2,1,1,1,266.2
Bannu,House,11.2,5,4,19,1.1,1,1,0,88.1
Rawalpindi,Flat,8.2,3,3,29,1.2,0,0,0,67.0
Bannu,Flat,11.9,4,4,5,0.5,1,0,0,82.3
Islamabad,Flat,9.1,3,3,2,5.8,1,0,0,137.5
Karachi,House,19.8,6,5,2,11.3,1,1,0,392.2
Lahore,Upper Portion,24.1,8,7,2,0.2,0,1,1,363.3
Lahore,House,12.0,3,3,10,0.4,1,1,0,243.1
Islamabad,Flat,17.9,4,3,0,3.7,1,0,0,352.8
Rawalpindi,Flat,17.7,6,4,0,8.0,1,1,0,265.4
Faisalabad,House,4.3,1,2,7,1.0,1,1,0,45.0
Rawalpindi,House,9.6,2,1,8,1.9,1,1,0,158.3
Islamabad,House,12.7,4,3,9,1.6,1,1,0,301.1
Faisalabad,House,10.4,3,2,4,3.1,0,1,0,118.8
Rawalpindi,House,9.3,2,2,13,1.5,1,0,0,76.2
Karachi,Flat,18.2,6,5,6,2.6,1,1,1,323.0
Peshawar,Flat,10.3,4,2,1,7.8,1,1,0,79.1
Lahore,Flat,13.8,4,3,13,5.7,1,1,0,197.4
Karachi,Flat,17.6,6,5,24,0.5,0,1,1,264.4
Multan,Upper Portion,20.2,5,5,0,6.1,0,1,1,138.8
Lahore,Upper Portion,8.2,4,3,4,3.9,1,1,0,105.0
Karachi,House,8.5,2,1,5,16.4,1,1,1,114.8
Multan,Flat,13.2,4,3,1,2.0,1,1,0,108.9
Peshawar,House,5.9,1,1,16,7.8,1,0,0,46.8
Islamabad,House,8.6,3,2,3,7.9,1,1,1,203.4
Islamabad,Flat,19.0,6,4,12,1.5,1,1,1,425.7
Islamabad,House,15.3,5,4,9,14.0,1,1,0,279.7
Rawalpindi,Flat,11.6,3,2,7,4.1,0,0,0,142.1
Karachi,House,14.5,4,4,2,6.8,1,0,0,313.7
Islamabad,House,15.7,6,6,2,0.9,1,1,0,472.0
Bannu,Upper Portion,7.3,2,2,0,1.8,1,1,1,40.0
Rawalpindi,House,10.2,4,4,2,5.3,1,1,0,173.5
Lahore,House,20.0,6,5,3,2.3,0,1,0,483.5
Karachi,House,13.3,4,4,14,4.2,1,1,0,285.7
Peshawar,Lower Portion,13.6,5,5,4,2.8,1,0,1,101.1
Islamabad,House,12.0,3,3,11,6.1,1,1,0,234.3
Lahore,House,6.4,1,1,5,4.0,1,1,0,132.1
Faisalabad,Flat,9.7,4,3,12,0.2,1,0,1,91.0
Karachi,Flat,14.1,4,4,30,6.3,1,1,0,160.3
Rawalpindi,Upper Portion,10.3,2,1,2,3.3,1,0,1,111.7
Karachi,House,8.3,4,3,16,2.5,1,1,0,149.3
Islamabad,Lower Portion,8.7,2,1,8,0.6,1,1,0,98.6
Lahore,Flat,20.1,6,5,14,1.5,1,0,0,338.7
Karachi,House,10.1,3,2,8,1.5,1,1,0,236.9
Lahore,House,18.5,4,4,4,16.4,0,1,0,213.7
Islamabad,Lower Portion,13.6,4,3,2,3.4,1,1,0,165.8
Faisalabad,Flat,11.2,4,4,1,0.3,1,1,0,104.3
Bannu,Flat,9.2,3,2,6,0.9,1,0,0,55.9
Faisalabad,Flat,15.5,5,5,37,0.5,0,1,0,82.7
Multan,Flat,17.7,5,5,11,5.3,1,0,0,159.2
Lahore,House,16.0,5,4,3,1.2,1,1,0,377.3
Bannu,House,7.5,2,2,14,4.1,1,1,0,57.7
Lahore,Flat,10.1,2,2,12,2.8,1,1,0,144.0
Bannu,House,10.5,2,1,3,9.8,1,1,0,80.9
Bannu,House,6.0,1,1,0,2.3,1,1,0,46.4
Peshawar,Flat,14.4,5,3,1,3.7,0,1,0,148.5
Bannu,House,15.2,4,3,17,7.7,1,1,0,99.6
Rawalpindi,House,15.0,5,3,14,3.4,0,1,0,184.1
Lahore,Upper Portion,14.1,4,3,3,9.5,1,1,1,189.9
Karachi,Flat,10.8,3,3,3,6.5,1,1,0,165.8
Rawalpindi,House,9.0,4,3,13,3.2,1,1,0,111.9
Islamabad,Upper Portion,10.8,3,2,22,4.2,0,1,0,111.7
Rawalpindi,Flat,13.7,5,4,12,20.5,1,1,1,126.0
Bannu,House,19.2,6,4,7,6.5,0,0,0,119.5
Lahore,House,12.5,4,3,2,14.1,1,1,0,184.5
Faisalabad,House,12.4,5,4,6,1.2,1,1,1,162.7
Multan,Upper Portion,6.1,1,1,2,4.0,1,1,0,38.3
Bannu,House,14.0,5,4,13,14.4,0,0,0,98.2
Bannu,Flat,19.8,7,5,4,2.3,1,1,0,170.5
Rawalpindi,Upper Portion,11.7,3,2,14,20.6,0,1,0,73.0
Bannu,House,11.4,5,3,4,0.6,1,1,0,109.1
Peshawar,House,10.6,2,1,14,14.0,1,0,0,106.1
Lahore,House,15.7,5,3,3,3.5,1,0,1,380.0
Karachi,House,6.1,1,1,5,0.5,0,1,0,116.1
Peshawar,Flat,18.6,6,4,8,12.7,1,1,1,187.5
Lahore,Flat,11.2,3,2,1,1.7,1,0,1,170.8
Peshawar,House,14.1,5,4,24,0.2,0,1,0,148.6
Peshawar,House,16.1,5,5,7,0.9,1,1,0,176.0
Lahore,House,8.7,2,2,6,6.5,1,1,0,144.6
Rawalpindi,Lower Portion,12.1,4,2,15,22.8,1,1,0,79.7
Faisalabad,Flat,11.1,3,2,16,0.7,1,0,0,86.1
Karachi,Flat,8.0,2,2,6,3.7,1,1,0,118.7
Islamabad,House,17.6,7,5,21,1.2,1,0,1,455.4
Islamabad,House,10.8,3,1,1,8.2,1,0,0,227.0
Karachi,House,7.8,1,1,1,0.8,1,0,0,139.7
Multan,Lower Portion,12.3,3,3,7,1.6,1,1,1,81.4
Lahore,Flat,7.1,1,1,3,1.3,1,1,0,84.6
Rawalpindi,Flat,10.3,4,3,5,4.8,0,1,0,123.7
Lahore,Flat,13.6,4,3,3,12.4,1,1,0,165.4
Lahore,House,6.9,2,1,4,4.3,0,1,0,131.5
Faisalabad,House,15.3,5,4,14,0.4,0,1,0,167.8
Peshawar,House,12.6,4,3,7,5.0,1,0,1,146.3
Islamabad,House,16.2,5,5,45,9.6,0,1,0,171.8
Karachi,House,16.1,5,3,12,0.9,1,0,0,351.1
Islamabad,House,10.2,4,4,3,0.5,1,1,0,225.3
Karachi,Flat,10.3,3,2,2,1.2,1,1,0,160.3
Peshawar,Upper Portion,14.5,5,4,3,8.2,1,1,0,116.9
Islamabad,Upper Portion,8.2,3,2,15,5.4,1,1,0,106.1
Lahore,House,8.2,3,3,0,4.7,0,1,0,112.2
Karachi,House,9.7,3,3,2,1.7,1,1,0,235.4
Multan,Flat,7.3,3,3,19,2.4,1,1,0,49.2
Bannu,Upper Portion,7.8,3,2,8,20.3,1,1,1,27.1
Islamabad,Lower Portion,7.9,2,2,2,1.7,1,0,0,87.6
Faisalabad,Upper Portion,10.8,3,3,2,13.9,1,1,0,64.5
Karachi,Flat,10.6,2,2,16,5.2,1,1,0,141.8
Karachi,House,17.1,5,4,18,0.8,1,1,0,324.3
Peshawar,House,10.9,2,2,2,3.8,1,1,1,170.5
Multan,House,11.7,4,4,4,17.8,0,1,0,112.7
Bannu,Flat,22.3,7,6,14,3.3,1,1,1,168.9
Rawalpindi,House,5.3,2,1,12,11.9,1,0,1,62.4
Karachi,Flat,13.1,4,3,13,1.8,1,1,0,227.0
Faisalabad,Flat,11.2,3,2,6,5.1,1,1,1,116.0
Lahore,House,13.6,5,4,19,11.1,1,1,1,194.8
Rawalpindi,Upper Portion,9.9,4,3,3,15.2,1,0,0,74.2
Karachi,House,10.8,3,2,1,4.0,1,1,0,249.5
Peshawar,Upper Portion,18.9,6,6,10,6.1,1,1,0,172.3
Lahore,Upper Portion,14.4,5,4,6,0.2,0,0,0,174.0
Lahore,House,11.0,4,3,15,1.8,1,1,0,183.8
Multan,House,9.1,3,2,1,2.0,1,0,0,105.4
Islamabad,House,8.2,3,1,15,0.6,1,1,0,187.9
Karachi,Flat,10.1,2,1,3,2.0,1,1,0,154.2
Lahore,House,11.4,3,3,9,2.3,0,1,1,186.4
Islamabad,Lower Portion,22.3,7,6,0,20.8,1,1,0,268.1
Islamabad,House,12.7,4,3,8,6.6,0,1,0,282.8
Lahore,Flat,9.5,4,4,10,3.3,0,1,0,132.3
Multan,Lower Portion,5.3,2,1,4,26.6,1,1,0,22.2
Lahore,Flat,9.0,3,3,2,1.0,1,1,1,168.4
Bannu,House,10.1,4,3,6,3.9,1,1,0,86.3
Rawalpindi,Flat,13.2,4,4,14,6.2,1,1,1,154.2
Karachi,House,10.2,4,3,3,0.3,0,1,0,178.6
Rawalpindi,House,22.7,8,6,2,7.6,1,1,1,554.2
Rawalpindi,House,11.1,4,3,3,0.6,1,1,1,203.6
Peshawar,House,17.3,5,3,24,0.9,1,1,1,187.3
Lahore,Flat,6.7,2,2,4,1.0,1,1,0,91.5
Karachi,House,11.8,3,2,0,15.9,1,0,0,212.8
Multan,Flat,9.1,3,1,12,6.9,1,1,0,54.2
Bannu,House,17.5,5,4,10,6.4,1,1,0,128.5
Multan,House,10.5,3,2,1,4.9,1,0,0,114.4
Karachi,House,19.1,5,3,34,2.1,1,1,0,258.0
Faisalabad,House,15.2,4,4,7,5.8,0,1,1,191.3
Karachi,House,10.0,3,2,6,3.2,1,1,0,189.8
Karachi,Flat,8.1,3,2,4,0.9,1,0,1,161.6
Lahore,Lower Portion,9.2,2,1,18,7.0,1,1,0,77.7
Rawalpindi,House,10.8,4,2,2,0.8,1,1,0,206.6
Lahore,House,15.2,5,3,3,1.3,1,1,0,316.8
Karachi,House,12.0,3,3,1,10.2,1,1,0,307.5
Multan,Upper Portion,16.2,5,4,11,6.5,1,1,0,100.7
Lahore,Flat,19.7,8,6,7,6.0,0,1,1,321.8
Islamabad,Flat,12.2,4,2,8,3.2,0,1,0,207.6
Islamabad,House,8.4,2,1,2,3.0,1,1,1,196.1
Bannu,House,13.8,3,3,8,7.0,1,1,1,101.4
Karachi,House,23.8,7,6,12,8.1,1,1,0,665.1
Karachi,Upper Portion,16.6,5,5,4,4.3,0,1,1,268.8
Faisalabad,House,13.4,4,4,13,20.9,1,1,1,118.0
Faisalabad,Flat,8.8,2,1,3,18.7,1,1,1,76.7
Karachi,House,11.2,3,3,11,3.2,1,1,1,255.9
Peshawar,House,6.9,3,2,0,10.3,0,1,1,81.5
Faisalabad,House,8.0,4,4,6,4.7,1,1,0,126.0
Peshawar,Flat,13.9,4,4,28,4.3,1,1,0,106.0
Lahore,House,6.4,2,2,32,0.3,1,1,1,92.9
Multan,Lower Portion,10.6,2,2,3,5.1,1,1,1,62.3
Rawalpindi,House,7.7,3,3,5,13.9,1,0,0,102.0
Lahore,House,8.1,3,3,1,9.1,0,0,0,134.8
Karachi,House,12.3,5,5,17,9.3,1,0,0,257.9
Islamabad,Upper Portion,9.2,2,1,7,1.0,0,0,0,85.8
Islamabad,House,7.2,3,3,4,2.7,0,0,0,179.5
Faisalabad,House,9.9,3,2,1,1.6,1,1,0,111.9
Islamabad,House,7.1,3,3,23,2.3,1,1,1,132.5
Karachi,House,18.6,6,6,6,5.2,0,1,0,416.4
Rawalpindi,Flat,15.5,5,4,3,2.7,1,1,0,202.2
Islamabad,House,15.5,4,4,3,4.9,1,1,1,428.4
Bannu,Flat,8.9,3,3,3,3.5,1,1,1,61.4
Lahore,Flat,14.1,4,3,7,2.0,1,1,0,198.5
Lahore,Upper Portion,13.0,3,4,21,0.6,1,1,0,134.2
Lahore,House,9.2,2,2,16,13.3,0,1,0,107.9
Lahore,House,11.7,3,2,5,0.2,0,1,1,223.4
Islamabad,Lower Portion,6.8,2,2,14,0.2,0,0,0,55.9
Peshawar,Flat,8.2,3,2,4,10.5,1,1,0,64.7
Bannu,House,11.6,4,3,2,34.5,1,1,1,60.4
Lahore,House,10.1,3,3,33,7.8,1,1,1,127.2
Peshawar,Lower Portion,13.6,5,4,3,0.2,1,1,0,137.4
Peshawar,House,9.3,2,1,3,1.5,1,0,0,145.1
Faisalabad,Upper Portion,10.6,3,3,37,21.4,1,1,0,30.5
Karachi,House,11.9,4,3,1,9.9,1,0,0,215.2
Lahore,House,9.0,3,3,11,5.0,1,0,0,176.7
Lahore,House,10.5,2,2,22,1.6,1,0,0,158.4
Peshawar,House,12.9,3,3,6,0.2,0,1,0,184.2
Faisalabad,House,20.7,5,4,0,0.2,1,0,0,311.3
Lahore,Upper Portion,9.0,3,3,4,5.7,1,1,1,108.0
Karachi,Flat,10.1,4,3,1,0.2,0,1,0,171.0
Multan,Flat,16.5,5,4,4,30.3,1,1,0,94.2
Faisalabad,Flat,18.1,5,5,12,1.2,1,1,1,179.4
Bannu,House,14.6,5,4,5,7.4,0,0,0,135.2
Peshawar,House,17.9,6,6,5,1.0,0,1,1,241.2
Karachi,Lower Portion,8.8,3,2,7,4.7,1,1,0,109.2
Rawalpindi,House,17.2,6,4,7,0.5,1,1,0,251.2
Peshawar,House,15.7,4,3,16,8.7,1,1,0,165.6
Islamabad,Lower Portion,8.1,3,3,3,5.3,1,0,0,93.5
Rawalpindi,House,10.6,5,4,14,0.5,0,1,0,136.7
Peshawar,Upper Portion,5.7,2,1,7,11.3,0,1,0,24.2
Lahore,Upper Portion,12.6,2,2,3,4.8,1,1,0,122.2
Faisalabad,House,17.1,5,4,3,15.3,1,1,0,189.4
Rawalpindi,House,9.9,4,2,4,14.9,1,1,0,124.6
Bannu,Lower Portion,8.4,2,1,8,15.2,0,1,0,23.3
Islamabad,House,8.2,3,2,2,0.5,1,1,0,227.6
Lahore,House,11.9,4,3,20,0.8,1,1,1,185.5
Rawalpindi,House,14.5,4,4,7,26.4,0,1,0,160.3
Lahore,Flat,20.8,7,5,20,4.0,1,1,1,282.2
Peshawar,Flat,5.5,1,1,0,1.6,0,1,0,41.5
Peshawar,Lower Portion,19.8,6,4,3,8.8,1,1,0,137.1
Islamabad,Upper Portion,12.8,4,4,0,1.8,1,1,0,216.5
Rawalpindi,Lower Portion,16.8,6,4,3,7.8,1,1,1,144.4
Karachi,House,15.4,6,4,16,10.9,1,1,1,308.6
Karachi,Flat,12.1,3,3,0,9.2,1,0,1,169.3
Bannu,House,12.0,2,1,5,1.9,0,1,0,81.9
Faisalabad,House,13.8,4,3,1,3.1,1,1,1,201.5
Peshawar,Upper Portion,10.9,2,1,4,3.2,1,0,0,94.3
Peshawar,House,11.2,4,4,15,4.1,1,1,0,116.6
Karachi,Upper Portion,3.6,2,2,8,1.1,1,1,0,46.5
Multan,House,14.8,6,5,11,3.6,1,0,0,168.1
Peshawar,Upper Portion,9.0,3,2,3,4.3,1,1,1,67.5
Peshawar,House,17.4,5,5,23,4.6,1,1,0,213.5
Multan,House,16.8,4,3,10,10.3,1,1,0,147.5
Lahore,House,10.1,3,2,4,4.4,1,1,0,167.0
Faisalabad,House,14.8,5,5,4,1.6,1,1,1,234.2
Lahore,House,14.1,5,4,20,6.5,1,1,0,281.2
Karachi,Lower Portion,9.7,3,3,7,9.6,1,1,0,108.4
Karachi,Flat,15.2,4,3,10,2.3,1,1,0,198.1
Bannu,House,20.4,5,4,4,6.2,1,1,1,180.9
Multan,House,17.6,4,3,2,1.0,1,0,1,255.6
Peshawar,House,7.2,1,1,10,2.5,0,1,0,86.4
Peshawar,House,14.3,3,3,7,14.4,1,0,0,146.1
Rawalpindi,Flat,16.5,5,4,6,14.5,0,1,1,169.2
Bannu,House,9.5,3,3,8,5.1,1,1,1,95.6
Karachi,Flat,17.4,5,3,2,7.3,0,1,0,272.7
Karachi,House,9.2,2,2,13,11.5,0,1,0,126.4
Lahore,Flat,10.9,1,1,24,19.1,1,1,1,77.7
Faisalabad,Flat,9.3,4,4,18,4.0,1,0,0,61.2
Peshawar,House,8.8,2,2,3,4.9,1,1,0,140.7
Karachi,Upper Portion,13.7,4,3,4,3.2,1,1,0,214.6
Islamabad,Flat,7.4,1,1,13,0.4,1,1,0,95.3
Faisalabad,Flat,11.1,4,3,7,3.3,1,1,0,122.1
Islamabad,House,13.7,4,3,6,9.4,1,1,1,323.5
Peshawar,Upper Portion,9.3,2,1,21,9.8,1,1,0,48.9
Bannu,Flat,18.5,6,4,6,13.4,1,1,1,107.8
Karachi,House,11.4,5,4,6,0.3,1,0,1,266.0
Lahore,House,21.7,7,5,0,4.5,1,1,0,538.5
Peshawar,House,7.1,2,1,1,0.7,0,1,1,69.6
Faisalabad,House,13.9,4,4,0,1.3,1,0,0,178.4
Rawalpindi,Lower Portion,12.9,3,4,20,13.8,1,0,0,77.7
Bannu,House,10.5,3,3,4,4.1,0,1,0,98.2
Islamabad,Upper Portion,12.2,4,3,5,8.5,1,1,0,145.9
Karachi,House,14.7,5,4,15,0.4,0,1,0,327.7
Peshawar,House,15.7,3,2,8,3.2,1,1,0,141.0
Multan,Lower Portion,11.5,3,2,8,6.7,1,1,0,72.2
Lahore,House,14.0,4,3,3,0.9,1,1,0,273.0
Faisalabad,Flat,9.0,3,2,14,2.4,1,0,1,74.1
Rawalpindi,Upper Portion,15.9,5,5,1,0.4,1,1,1,214.5
Karachi,Lower Portion,19.9,6,4,0,6.3,1,1,0,274.6
Islamabad,Upper Portion,16.3,5,4,2,21.2,1,1,0,179.3
Multan,Upper Portion,9.3,2,2,2,10.5,0,1,0,44.2
Lahore,Flat,8.5,3,3,3,22.0,1,1,0,81.5
Lahore,House,27.0,8,7,9,11.2,1,1,1,690.0
Lahore,Flat,19.4,6,5,2,11.6,1,1,1,299.1
Multan,Lower Portion,15.8,6,5,9,5.2,1,1,0,104.6
